Date,Open,High,Low,Close,Volume,MA_Fast,MA_Slow,Signal,Crossover
2023-02-06,469.9,477.8,469.7,474.9,379388,474.9,474.9,-1,
2023-02-07,476.8,476.8,468.0,469.55,416832,473.9272727272727,474.3904761904762,-1,0.0
2023-02-08,471.9,482.0,467.85,480.0,551185,475.0314049586776,474.924716553288,1,2.0
2023-02-09,482.0,483.95,473.75,482.8,598616,476.4438767843726,475.674743548213,1,0.0
2023-02-10,479.9,486.9,477.15,480.3,772600,477.1449900963048,476.1152441626689,1,0.0
2023-02-13,481.0,494.0,473.9,484.65,1813283,478.5095373515221,476.9280780519385,1,0.0
2023-02-14,487.95,496.1,473.0,474.8,2258775,477.8350760148817,476.7254039517539,1,0.0
2023-02-15,473.25,486.7,472.5,483.25,863643,478.81960764853955,477.34679405158687,1,0.0
2023-02-16,483.0,489.1,478.25,485.4,826686,480.01604262153234,478.1137660466738,1,0.0
2023-02-17,485.35,486.5,476.75,485.25,442003,480.9676712357992,478.793407375562,1,0.0
2023-02-20,482.5,503.0,481.0,499.35,1951656,484.3099128292902,480.751178101699,1,0.0
2023-02-21,500.5,510.85,497.9,506.55,1871447,488.35356504214656,483.20820875868003,1,0.0
2023-02-22,502.1,518.0,500.25,502.7,1429841,490.96200776175624,485.06456982928194,1,0.0
2023-02-23,510.05,519.4,494.05,504.1,2092549,493.3507336232551,486.8774679407789,1,0.0
2023-02-24,508.4,513.0,498.6,507.4,1484735,495.90514569175417,488.8319948035619,1,0.0
2023-02-27,506.0,511.8,500.85,504.2,1088125,497.41330102052615,490.2956143460798,1,0.0
2023-02-28,505.6,511.6,497.65,504.9,1111464,498.7745190167941,491.68650821788174,1,0.0
2023-03-01,506.25,513.1,506.25,511.2,1153664,501.03369737737694,493.5449360066549,1,0.0
2023-03-02,513.8,518.0,510.0,511.2,663679,502.88211603603565,495.2263706726877,1,0.0
2023-03-03,513.0,513.7,505.45,509.35,680634,504.0580949385746,496.57147822766984,1,0.0
2023-03-06,510.85,526.0,508.3,512.65,2145359,505.62025949519733,498.10276601551084,1,0.0
2023-03-08,512.5,513.2,505.0,507.2,828522,505.9074850415251,498.96916925212884,1,0.0
2023-03-09,507.5,516.4,506.0,514.0,735030,507.3788513976114,500.4006769424023,1,0.0
2023-03-10,508.6,514.0,501.15,510.2,603399,507.89178750713654,501.3339458050306,1,0.0
2023-03-13,511.5,513.0,505.05,507.6,449389,507.8387352331117,501.9307128712182,1,0.0
2023-03-14,507.6,511.45,498.0,500.3,747379,506.4680560998187,501.77540688348313,1,0.0
2023-03-15,502.8,504.6,488.35,491.65,655736,503.7738640816698,500.8110824183895,1,0.0
2023-03-16,491.6,498.95,484.05,496.8,441404,502.50588879409344,500.42907456901906,1,0.0
2023-03-17,499.2,507.8,498.0,502.2,619544,502.45027264971276,500.5977341338744,1,0.0
2023-03-20,507.8,507.8,494.2,495.2,470868,501.1320412588559,500.08366421636254,1,0.0
2023-03-21,499.4,510.0,495.0,501.15,1378566,501.1353064845184,500.18522000528037,1,0.0
2023-03-22,504.8,504.8,494.45,495.3,252212,500.0743416691514,499.71996095715843,1,0.0
2023-03-23,495.35,506.65,489.3,491.25,531491,498.46991591112385,498.9132980088576,-1,-2.0
2023-03-24,493.75,494.65,480.6,482.4,311464,495.54811301819217,497.34060296039496,-1,0.0
2023-03-27,481.0,487.4,476.25,479.6,329426,492.64845610579357,495.65102172607163,-1,0.0
2023-03-28,481.9,482.8,467.2,470.35,400568,488.5941913592857,493.24140060930296,-1,0.0
2023-03-29,472.4,475.4,467.1,469.65,524679,485.1497929303246,490.99460055127406,-1,0.0
2023-03-31,472.0,472.95,451.75,459.6,970080,480.5043760339019,488.00463859400986,-1,0.0
2023-04-03,462.95,465.0,452.0,461.2,1103401,476.99448948228337,485.4518158707708,-1,0.0
2023-04-05,461.9,466.55,458.0,462.25,1445770,474.3136732127773,483.2421191211736,-1,0.0
2023-04-06,464.65,470.8,458.5,466.35,621749,472.86573262863595,481.633345871538,-1,0.0
2023-04-10,469.95,472.0,453.85,458.6,1202495,470.271963059793,479.43969388377246,-1,0.0
2023-04-11,461.6,464.7,458.2,461.2,1240210,468.62251523073974,477.702580180556,-1,0.0
2023-04-12,462.1,470.6,462.0,465.05,1121255,467.9729670069689,476.49757254431256,-1,0.0
2023-04-13,466.8,467.0,461.25,462.95,916402,467.0597002784291,475.2073275400923,-1,0.0
2023-04-17,464.8,470.75,460.8,469.9,601842,467.5761184096238,474.70186777436925,-1,0.0
2023-04-18,471.9,477.65,467.45,469.15,900867,467.8622786987831,474.17311846252454,-1,0.0
2023-04-19,471.3,471.3,463.05,464.8,605655,467.3055007535498,473.2804405137127,-1,0.0
2023-04-20,465.0,466.65,459.45,461.4,827975,466.2317733438134,472.1489699885972,-1,0.0
2023-04-21,460.05,467.3,458.2,466.6,648347,466.29872364493826,471.6204966563498,-1,0.0
2023-04-24,469.1,469.65,462.35,463.5,429140,465.78986480040396,470.8471160224117,-1,0.0
2023-04-25,464.8,465.3,458.0,458.75,776250,464.5098893821487,469.695009734563,-1,0.0
2023-04-26,463.0,464.8,456.25,463.4,2396756,464.3080913126671,469.09548499793794,-1,0.0
2023-04-27,462.35,464.0,453.2,454.5,1836212,462.5248019830912,467.70543880765814,-1,0.0
2023-04-28,457.0,468.5,456.95,467.75,1640261,463.47483798616554,467.70968273073834,-1,0.0
2023-05-02,468.9,472.1,464.5,469.95,744818,464.652140170499,467.92304628019184,-1,0.0
2023-05-03,470.0,477.6,467.1,472.15,1473634,466.01538741222646,468.32561330112594,-1,0.0
2023-05-04,475.0,475.0,469.05,473.25,888057,467.33077151909436,468.7946025105425,-1,0.0
2023-05-05,473.25,475.5,457.25,460.7,688010,466.1251766974408,468.02368798572894,-1,0.0
2023-05-08,462.0,462.75,456.5,459.35,977590,464.8933263888151,467.19762246327855,-1,0.0
2023-05-09,461.9,475.0,460.85,466.5,1550156,465.18544886357597,467.1311822286806,-1,0.0
2023-05-10,468.95,470.45,455.1,462.85,1966807,464.7608217974712,466.7234505878539,-1,0.0
2023-05-11,475.0,493.0,468.0,488.25,9944326,469.03158147065824,468.77359815091546,1,2.0
2023-05-12,490.0,492.55,475.75,476.65,1095738,470.416748475993,469.5237316603521,1,0.0
2023-05-15,477.7,483.95,466.1,482.6,1271233,472.63188511672155,470.76909054984236,1,0.0
2023-05-16,482.0,491.55,479.95,486.45,1693351,475.14426964095395,472.2625104974764,1,0.0
2023-05-17,487.9,496.0,485.0,491.5,1318488,478.1180387971441,474.0946523548596,1,0.0
2023-05-18,493.25,497.45,481.8,487.0,977594,479.732940834027,475.32373308296815,1,0.0
2023-05-19,487.0,488.7,474.0,478.95,1020749,479.59058795511294,475.6690918369712,1,0.0
2023-05-22,478.0,485.75,473.5,482.95,488188,480.2013901450924,476.3625116620216,1,0.0
2023-05-23,485.45,488.85,479.05,486.05,717556,481.26477375507557,477.2851295989719,1,0.0
2023-05-24,486.9,491.15,482.6,487.2,902147,482.3439057996072,478.22940297049837,1,0.0
2023-05-25,489.05,490.3,482.95,488.75,813424,483.50865019967864,479.23136459235565,1,0.0
2023-05-26,490.5,500.9,489.55,498.25,1577642,486.1888956179189,481.0426632026075,1,0.0
2023-05-29,500.0,502.9,495.6,496.9,967925,488.13636914193364,482.55288575474015,1,0.0
2023-05-30,497.6,504.8,496.0,503.1,908927,490.8570292979457,484.50975377809823,1,0.0
2023-05-31,502.4,508.4,500.1,506.6,903085,493.7193876074101,486.6135867516127,1,0.0
2023-06-01,488.5,499.8,483.0,488.25,3060387,492.7249534969719,486.76943563241144,1,0.0
2023-06-02,490.0,492.2,473.1,475.0,3389105,489.50223467934063,485.6485370007532,1,0.0
2023-06-05,479.0,479.9,472.7,475.3,923028,486.92001019218776,484.6629620483005,1,0.0
2023-06-06,476.8,479.8,471.25,479.1,705664,485.4981901572445,484.1331561389386,1,0.0
2023-06-07,480.4,484.8,477.55,483.75,776523,485.1803374013818,484.0966650780873,1,0.0
2023-06-08,484.5,485.65,474.9,479.0,1013214,484.05663969203965,483.61126840398373,1,0.0
2023-06-09,478.9,484.7,475.35,479.5,705259,483.2281597480324,483.21971903217576,1,0.0
2023-06-12,479.5,486.7,478.1,484.3,1039880,483.4230397938447,483.3226029338733,1,0.0
2023-06-13,485.0,488.9,482.7,485.95,827670,483.88248710405475,483.5728312258854,1,0.0
2023-06-14,486.0,486.8,481.05,484.95,598386,484.07658035786295,483.70399015675343,1,0.0
2023-06-15,486.0,486.8,481.5,485.4,1058246,484.31720211097877,483.86551490372926,1,0.0
2023-06-16,484.9,486.65,476.3,478.6,822598,483.2777108180735,483.3640372938503,-1,-2.0
2023-06-19,478.95,479.5,469.55,473.35,1292765,481.47267248751467,482.41031945634074,-1,0.0
2023-06-20,472.5,477.3,471.0,476.45,967035,480.5594593079665,481.84266998430826,-1,0.0
2023-06-21,477.5,480.6,472.0,472.8,1249372,479.14864852469987,480.981463319136,-1,0.0
2023-06-22,472.95,476.6,468.0,468.8,720267,477.2670760656635,479.8213239554088,-1,0.0
2023-06-23,469.8,469.9,460.75,461.95,897119,474.48215314463374,478.1192931025127,-1,0.0
2023-06-26,462.05,467.25,459.25,466.2,564948,472.97630711833665,476.9841223308448,-1,0.0
2023-06-27,467.0,469.9,465.75,468.15,487725,472.0987967331845,476.1427773469548,-1,0.0
2023-06-28,466.0,469.8,464.85,467.4,2028118,471.24447005442363,475.31013188534007,-1,0.0
2023-06-30,467.4,471.75,462.3,465.05,1578398,470.1182027718011,474.33297646768864,-1,0.0
2023-07-03,485.0,492.0,472.5,474.6,5553953,470.93307499511,474.3584072802897,-1,0.0
2023-07-04,479.3,479.3,469.35,472.75,949053,471.26342499599906,474.20522563454784,-1,0.0
2023-07-05,472.0,476.3,469.5,474.15,382984,471.78825681490827,474.1999660503052,-1,0.0
2023-07-06,474.1,479.6,472.65,475.6,512320,472.4813010303795,474.33330261694283,-1,0.0
2023-07-07,475.55,484.4,472.9,476.9,1069365,473.2847008430377,474.5777499867578,-1,0.0
2023-07-10,478.0,479.0,470.7,475.8,710965,473.74202796248534,474.6941547499237,-1,0.0
2023-07-11,475.7,481.65,474.3,480.6,565353,474.9889319693061,475.256616202312,-1,0.0
2023-07-12,483.0,483.0,468.25,470.4,2157603,474.1545807021595,474.79408132590135,-1,0.0
2023-07-13,471.95,472.9,461.3,463.05,1662964,472.1355660290395,473.67559739010125,-1,0.0
2023-07-14,467.05,467.4,459.45,460.2,1968806,469.9654631146687,472.3922071624726,-1,0.0
2023-07-17,460.2,467.1,460.0,461.25,1741503,468.38083345745616,471.33104457557044,-1,0.0
2023-07-18,463.55,465.75,457.5,464.8,1283323,467.7297728288277,470.709040330278,-1,0.0
2023-07-19,466.0,468.5,463.45,466.6,819400,467.52435958722265,470.31770315596583,-1,0.0
2023-07-20,466.6,469.3,465.25,466.9,1447453,467.410839662273,469.99220761730237,-1,0.0
2023-07-21,466.0,471.45,463.05,469.0,806212,467.69977790549603,469.8977116537498,-1,0.0
2023-07-24,470.0,470.95,462.1,466.95,1109420,467.56345464995127,469.61697721053554,-1,0.0
2023-07-25,467.45,470.45,465.9,469.05,1300009,467.8337356226874,469.5629793809607,-1,0.0
2023-07-26,470.8,475.15,468.5,472.4,1035658,468.6639655094715,469.8331718208692,-1,0.0
2023-07-27,474.4,475.35,469.05,470.85,835642,469.0614263259312,469.9300125998341,-1,0.0
2023-07-28,471.0,482.95,470.1,481.3,1553233,471.28662153939825,471.012868542707,1,2.0
2023-07-31,482.0,486.75,478.65,482.7,1151004,473.3617812595076,472.1259286814968,1,0.0
2023-08-01,485.2,493.5,481.55,483.35,1865612,475.1778210305062,473.19488785468764,1,0.0
2023-08-02,482.65,482.65,469.0,472.05,1410497,474.6091262976868,473.08585091614594,1,0.0
2023-08-03,457.0,458.55,438.6,455.05,8900464,471.0529215162892,471.36815082889393,-1,-2.0
2023-08-04,456.8,457.5,449.65,450.9,3685903,467.38875396787296,469.418803130904,-1,0.0
2023-08-07,453.9,463.35,450.8,461.7,1452392,466.3544350646233,468.68367902319886,-1,0.0
2023-08-08,462.1,471.5,459.4,470.1,894379,467.03544687105546,468.8185667352751,-1,0.0
2023-08-09,469.05,473.3,466.65,472.05,535041,467.9471838035908,469.1263222842965,-1,0.0
2023-08-10,467.5,469.9,456.55,461.95,3135625,466.85678674839244,468.4428630191254,-1,0.0
2023-08-11,463.95,464.7,458.0,460.05,1533152,465.6191891577756,467.64354273158966,-1,0.0
2023-08-14,461.0,461.85,453.5,456.7,1074147,463.99751840181636,466.6013005666764,-1,0.0
2023-08-16,456.7,458.5,451.7,455.0,342851,462.36160596512246,465.4964147984215,-1,0.0
2023-08-17,455.0,456.85,451.1,454.2,824472,460.8776776078274,464.4205657700004,-1,0.0
2023-08-18,455.0,457.35,451.1,452.55,842064,459.3635544064042,463.2900356966671,-1,0.0
2023-08-21,457.95,462.0,453.55,454.8,1284821,458.5338172416034,462.481460868413,-1,0.0
2023-08-22,457.0,457.0,452.15,454.6,721647,457.81857774313005,461.7308455476118,-1,0.0
2023-08-23,454.9,457.0,453.5,454.2,394500,457.16065451710637,461.013622162125,-1,0.0
2023-08-24,456.0,460.9,455.05,456.05,710840,456.9587173321779,460.5408962419226,-1,0.0
2023-08-25,456.0,459.95,452.35,453.4,490845,456.31167781723644,459.86081088554903,-1,0.0
2023-08-28,456.0,457.0,452.3,455.95,865359,456.2459182141025,459.4883527059729,-1,0.0
2023-08-29,457.0,460.2,454.6,458.85,1348270,456.71938762972025,459.42755721016596,-1,0.0
2023-08-30,460.0,461.45,453.0,453.4,2126957,456.1158626061347,458.8535041425311,-1,0.0
2023-08-31,453.95,455.35,447.4,449.35,1466175,454.88570576865567,457.94840850990914,-1,0.0
2023-09-01,458.0,459.35,450.55,458.0,3222741,455.4519410834455,457.95332198515587,-1,0.0
2023-09-04,460.0,460.6,454.75,456.15,1512915,455.5788608864554,457.7815770341886,-1,0.0
2023-09-05,459.0,464.0,455.0,456.55,1312323,455.75543163437254,457.6642839833135,-1,0.0
2023-09-06,459.4,469.2,459.0,462.15,2036896,456.91808042812295,458.0914950325218,-1,0.0
2023-09-07,466.0,466.3,458.85,462.9,989244,458.00570216846415,458.54944788656735,-1,0.0
2023-09-08,464.75,466.7,463.0,464.4,1022948,459.1683017741979,459.1066433259419,1,2.0
2023-09-11,460.5,461.35,456.4,460.2,1850728,459.35588326979826,459.21077253299507,1,0.0
2023-09-12,462.1,465.0,450.0,450.75,1350738,457.791177220744,458.4049846727098,-1,-2.0
2023-09-13,450.95,453.8,446.25,448.6,1428666,456.1200540896996,457.4711766086422,-1,0.0
2023-09-14,450.45,452.9,448.0,452.2,1133444,455.40731698248146,456.96915978877155,-1,0.0
2023-09-15,456.0,456.5,450.55,451.3,834338,454.66053207657575,456.42923980888855,-1,0.0
2023-09-18,452.0,455.9,448.4,453.2,1149160,454.3949807899256,456.121693160423,-1,0.0
2023-09-20,453.75,455.5,445.0,446.25,1675358,452.9140751917573,455.18153190704936,-1,0.0
2023-09-21,445.35,447.35,440.05,441.05,1430589,450.7569706114378,453.8356717254256,-1,0.0
2023-09-22,443.55,445.05,438.6,439.6,751015,448.7284305002673,452.47989346586127,-1,0.0
2023-09-25,440.95,442.15,435.1,437.3,1108990,446.65053404567317,451.03418932625544,-1,0.0
2023-09-26,438.45,439.55,430.8,432.0,1797267,443.9868005828235,449.2214093904216,-1,0.0
2023-09-27,430.8,431.3,420.1,420.9,2053494,439.7892004768555,446.52413230561956,-1,0.0
2023-09-28,421.8,423.6,414.0,414.95,2093000,435.2729822083363,443.51707208603676,-1,0.0
2023-09-29,417.5,424.2,416.0,422.9,1403169,433.02334907954787,441.5535414111761,-1,0.0
2023-10-03,423.0,431.0,421.0,425.15,1892210,431.5918310650846,439.99129937201644,-1,0.0
2023-10-04,425.15,426.1,419.8,421.45,1855444,429.74786178052375,438.2254613365863,-1,0.0
2023-10-05,425.25,425.6,420.05,421.1,918165,428.17552327497395,436.5944650188162,-1,0.0
2023-10-06,422.0,425.55,421.1,424.7,1146356,427.54360995225136,435.46165882654805,-1,0.0
2023-10-09,423.9,425.15,416.75,422.85,767140,426.69022632456927,434.2605484621149,-1,0.0
2023-10-10,425.0,425.75,420.0,422.95,699842,426.0101851746475,433.18335337048495,-1,0.0
2023-10-11,424.95,427.0,421.35,421.75,1235669,425.2356060519843,432.0944625732959,-1,0.0
2023-10-12,422.6,429.0,422.4,426.15,2291466,425.401859497078,431.52832328060106,-1,0.0
2023-10-13,425.7,428.6,424.05,426.8,1199758,425.6560668612457,431.0780067776867,-1,0.0
2023-10-16,424.35,427.6,423.6,425.15,759264,425.5640547046555,430.51343470362133,-1,0.0
2023-10-17,426.1,429.0,425.0,427.15,1470462,425.85240839471817,430.1931075889907,-1,0.0
2023-10-18,427.95,427.95,417.7,419.85,2255046,424.76106141386026,429.20804972337254,-1,0.0
2023-10-19,418.1,420.9,414.6,419.85,997283,423.86814115679476,428.31680689257513,-1,0.0
2023-10-20,418.0,418.8,410.4,413.2,2249782,421.9284791282866,426.87711099804415,-1,0.0
2023-10-23,413.2,415.65,405.0,406.8,1079758,419.1778465595072,424.9650051887066,-1,0.0
2023-10-25,407.0,408.75,400.55,406.45,1449997,416.8636926395968,423.20167136121074,-1,0.0
2023-10-26,403.7,404.6,397.05,403.85,1569194,414.49756670512465,421.3586550410954,-1,0.0
2023-10-27,406.6,407.9,403.7,406.75,656655,413.08891821328376,419.9673545609911,-1,0.0
2023-10-30,410.95,414.8,408.05,411.15,1295921,412.73638762905034,419.12760650756337,-1,0.0
2023-10-31,413.3,413.3,404.1,409.05,869665,412.06613533285935,418.167834459224,-1,0.0
2023-11-01,409.0,409.05,402.25,404.9,760851,410.7632016359758,416.90423117739317,-1,0.0
2023-11-02,404.9,410.9,404.9,408.3,304295,410.3153467930711,416.08478058907,-1,0.0
2023-11-03,414.0,423.4,413.0,419.45,1981468,411.9761928306945,416.40527767582523,-1,0.0
2023-11-06,422.85,422.9,414.5,417.15,736363,412.91688504329545,416.4762036114609,-1,0.0
2023-11-07,417.15,419.9,416.1,417.55,283074,413.7592695808781,416.5784699341789,-1,0.0
2023-11-08,418.0,419.0,416.05,416.8,252981,414.3121296570821,416.59956803568565,-1,0.0
2023-11-09,418.85,418.85,412.3,413.6,459834,414.18265153761257,416.3138948894299,-1,0.0
2023-11-10,413.65,420.0,412.0,417.55,232630,414.7948967125921,416.43161918567466,-1,0.0
2023-11-12,419.05,421.0,417.0,417.8,93346,415.3412791284844,416.56194116799134,-1,0.0
2023-11-13,417.8,420.0,414.25,418.35,342673,415.8883192869418,416.7322324853255,-1,0.0
2023-11-15,421.0,423.5,417.65,421.85,671902,416.97226123477054,417.21963891529447,-1,0.0
2023-11-16,421.25,426.0,419.6,422.15,427881,417.913668282994,417.68919711383785,1,2.0
2023-11-17,422.15,427.45,421.45,425.05,480967,419.2111831406314,418.390225960139,1,0.0
2023-11-20,425.05,426.0,423.0,424.25,270402,420.1273316605166,418.948299678221,1,0.0
2023-11-21,425.0,429.5,424.2,427.15,791185,421.40418044951355,419.7294139945809,1,0.0
2023-11-22,427.15,428.35,425.15,425.95,504816,422.2306930950565,420.32185075700176,1,0.0
2023-11-23,426.0,430.5,425.7,428.35,589678,423.34329435050074,421.0864363991921,1,0.0
2023-11-24,429.25,430.8,425.0,425.55,379765,423.7445135595006,421.5115376945071,1,0.0
2023-11-28,426.0,428.8,424.1,427.95,429173,424.5091474577732,422.12472458074456,1,0.0
2023-11-29,427.95,435.0,427.95,433.55,1310151,426.15293882908713,423.21284604924506,1,0.0
2023-11-30,435.9,436.0,430.8,433.15,790451,427.4251317692531,424.15924166360264,1,0.0
2023-12-01,434.9,439.0,432.3,434.05,719517,428.6296532657525,425.1012186480215,1,0.0
2023-12-04,438.0,444.7,435.75,441.85,1354602,431.0333526719793,426.69634068154323,1,0.0
2023-12-05,444.1,444.55,439.0,444.1,967727,433.4091067316194,428.3538320452058,1,0.0
2023-12-06,444.1,446.2,441.0,441.45,737293,434.87108732587035,429.6010861361386,1,0.0
2023-12-07,441.45,446.8,439.4,443.0,1335589,436.34907144843936,430.87717317079205,1,0.0
2023-12-08,444.2,446.25,439.45,440.3,2098749,437.06742209417763,431.77458524976424,1,0.0
2023-12-11,441.0,446.5,439.6,441.1,1623652,437.80061807705437,432.6627199878819,1,0.0
2023-12-12,443.9,446.5,436.6,439.1,1165630,438.0368693357717,433.27579427475035,1,0.0
2023-12-13,439.3,440.95,434.0,436.5,846424,437.75743854744957,433.5828614866789,1,0.0
2023-12-14,439.9,442.55,435.5,441.85,887089,438.5015406297315,434.3702080117571,1,0.0
2023-12-15,445.0,453.65,443.15,448.4,1855930,440.30126051523484,435.70637867730403,1,0.0
2023-12-18,452.2,455.65,448.4,451.1,1159333,442.26466769428305,437.1724378508941,1,0.0
2023-12-19,451.0,452.8,446.8,447.2,479461,443.162000840777,438.12744376985654,1,0.0
2023-12-20,450.0,455.5,434.75,438.4,1904958,442.29618250609025,438.15340150606073,1,0.0
2023-12-21,437.8,447.0,431.25,443.55,1489447,442.5241493231647,438.6673632673883,1,0.0
2023-12-22,447.4,449.5,443.65,447.35,1201809,443.4015767189529,439.49428105144654,1,0.0
2023-12-26,449.8,456.95,447.05,451.35,1438097,444.8467445882342,440.62339714178495,1,0.0
2023-12-27,451.35,454.35,446.65,449.9,4416912,445.7655182994643,441.50688312828163,1,0.0
2023-12-28,449.95,453.6,448.5,452.15,2630939,446.9263331541071,442.5205133065405,1,0.0
2023-12-29,453.55,463.0,448.55,461.5,2798265,449.57609076245126,444.3280834678224,1,0.0
2024-01-01,464.8,495.4,461.7,484.0,5898898,455.83498335109647,448.1063612327917,1,0.0
2024-01-02,485.0,503.45,480.65,498.35,5085625,463.5649863781698,452.89146968681155,1,0.0
2024-01-03,497.95,501.5,491.6,498.75,1583945,469.9622615821389,457.2589487642581,1,0.0
2024-01-04,500.1,507.7,496.9,506.2,1822819,476.5509412944773,461.9200012629002,1,0.0
2024-01-05,508.9,511.2,501.1,506.75,1315727,482.04167924093593,466.1895249521478,1,0.0
2024-01-08,510.35,513.9,505.5,508.4,1358948,486.83410119712937,470.2095701948004,1,0.0
2024-01-09,512.95,515.8,506.7,514.05,973618,491.7824464340149,474.38484922386704,1,0.0
2024-01-10,516.35,516.35,505.35,515.2,1426433,496.0401834460122,478.2720064406416,1,0.0
2024-01-11,516.0,547.85,512.25,541.1,3966121,504.23287736491903,484.25562487486616,1,0.0
2024-01-12,548.0,548.0,531.25,534.6,3820123,509.75417238947915,489.05032726773607,1,0.0
2024-01-15,540.0,547.0,534.5,541.6,2182927,515.5443228641193,494.05505800414215,1,0.0
2024-01-16,544.9,558.4,540.55,556.05,2839045,522.9089914342794,499.95933819422385,1,0.0
2024-01-17,555.7,566.5,549.75,555.15,2688070,528.7709929916831,505.2155916995359,1,0.0
2024-01-18,553.0,561.95,534.3,557.7,2703718,534.0308124477407,510.2141067757705,1,0.0
2024-01-19,562.45,562.45,547.25,553.6,1174999,537.5888465481514,514.3460966066496,1,0.0
2024-01-20,554.0,555.85,547.6,554.6,471413,540.6817835393966,518.1798016917305,1,0.0
2024-01-23,563.95,564.75,549.5,553.45,1749559,543.0032774413245,521.53886819728,1,0.0
2024-01-24,550.0,570.75,548.05,569.2,1134846,547.7663179065382,526.0780236070628,1,0.0
2024-01-25,571.9,571.9,549.5,552.45,937310,548.6178964689858,528.5896404063902,1,0.0
2024-01-29,558.5,561.5,552.0,553.4,527332,549.4873698382611,530.9525317962579,1,0.0
2024-01-30,555.1,562.5,553.15,554.65,568635,550.4260298676681,533.2094335299475,1,0.0
2024-01-31,555.65,582.75,555.65,581.3,2183189,556.0394789826375,537.7894874794763,1,0.0
2024-02-01,587.4,593.0,575.45,579.85,1400836,560.3686646221579,541.795250576669,1,0.0
2024-02-02,585.0,599.8,584.05,590.85,1262826,565.9107255999473,546.4671314741291,1,0.0
2024-02-05,596.8,607.0,591.0,596.75,823613,571.5178663999568,551.2559760956407,1,0.0
2024-02-06,599.7,617.75,592.65,615.9,1201435,579.5873452363282,557.4125498008178,1,0.0
2024-02-07,620.0,620.0,600.3,602.8,729023,583.8078279206321,561.7351641055018,1,0.0
2024-02-08,605.0,612.15,598.3,600.55,707704,586.8518592077899,565.431815143073,1,0.0
2024-02-09,596.1,596.1,566.05,582.9,1240706,586.133339351828,567.0954517961136,1,0.0
2024-02-12,580.3,585.7,558.75,560.45,848484,581.4636412878592,566.4625516250552,1,0.0
2024-02-13,555.15,566.85,555.15,561.7,449537,577.8702519627939,566.0089752798118,1,0.0
2024-02-14,529.0,562.6,512.0,559.75,4501093,574.5756606968313,565.4128823960202,1,0.0
2024-02-15,559.0,585.4,556.15,580.85,2077553,575.7164496610437,566.8830840725897,1,0.0
2024-02-16,567.5,567.5,541.85,545.05,6418568,570.140731540854,564.803742732343,1,0.0
2024-02-19,545.0,565.45,540.0,551.3,1942616,566.7151439879714,563.5176719959294,1,0.0
2024-02-20,551.0,561.0,544.0,555.0,1340714,564.5851178083402,562.7064651391743,1,0.0
2024-02-21,558.95,569.75,554.0,565.55,1532012,564.7605509340965,562.9772779830624,1,0.0
2024-02-22,565.55,575.7,561.9,564.55,1459852,564.7222689460789,563.1270610322946,1,0.0
2024-02-23,567.95,580.5,563.9,577.3,1311882,567.0091291377008,564.4768647435046,1,0.0
2024-02-26,580.0,583.6,565.65,567.1,1399946,567.0256511126643,564.7266871488852,1,0.0
2024-02-27,567.1,572.85,557.0,558.3,590652,565.4391690921798,564.1146217061341,1,0.0
2024-02-28,558.35,568.25,545.0,548.3,1109298,562.3229565299653,562.6084672579309,-1,-2.0
2024-02-29,552.75,568.7,544.75,565.35,2127506,562.8733280699715,562.8695656143184,1,2.0
2024-03-01,568.0,582.35,567.05,578.35,1093148,565.6872684208857,564.343892698669,1,0.0
2024-03-02,580.95,582.15,574.15,576.8,44352,567.7077650716337,565.5301886321291,1,0.0
2024-03-04,576.8,595.75,576.05,590.0,1952711,571.760898694973,567.8606468576406,1,0.0
2024-03-05,594.8,594.85,586.4,593.45,677112,575.7043716595233,570.2977281092939,1,0.0
2024-03-06,594.0,594.75,555.15,566.85,2080869,574.0944859032463,569.9693730512658,1,0.0
2024-03-07,568.0,573.9,559.7,570.75,548388,573.4863975572015,570.0437184749549,1,0.0
2024-03-11,576.95,576.95,556.0,565.5,800541,572.0343252740739,569.6109833821021,1,0.0
2024-03-12,561.0,576.9,553.0,556.15,481623,569.1462661333331,568.328984964759,1,0.0
2024-03-13,556.15,556.15,523.2,528.4,1266699,561.7378541090908,564.5262244919247,-1,-2.0
2024-03-14,528.0,542.65,522.05,537.3,1136681,557.2946079074379,561.933250730789,-1,0.0
2024-03-15,537.3,546.95,528.55,543.15,902983,554.7228610151765,560.1443697088091,-1,0.0
2024-03-18,543.15,545.9,535.0,542.75,843660,552.5459771942353,558.4877630698749,-1,0.0
2024-03-19,543.0,543.0,516.25,520.85,564288,546.7830722498289,554.9032142060772,-1,0.0
2024-03-20,518.45,518.65,498.35,516.6,2368871,541.2952409316782,551.2552890435937,-1,0.0
2024-03-21,515.3,530.8,515.3,529.05,777617,539.0688334895549,549.1404996108705,-1,0.0
2024-03-22,528.5,532.2,524.15,528.85,317477,537.2108637641812,547.2080710765018,-1,0.0
2024-03-26,529.0,553.05,525.05,549.3,1034389,539.40888853433,547.4073024025492,-1,0.0
2024-03-27,549.35,556.45,539.9,541.75,975813,539.8345451644518,546.8685116975446,-1,0.0
2024-03-28,545.0,547.0,538.3,544.25,698329,540.6373551345515,546.6191296311118,-1,0.0
2024-04-01,544.95,555.8,544.25,547.7,339016,541.9214723828148,546.722069666244,-1,0.0
2024-04-02,547.95,553.2,534.1,540.9,1321869,541.735750131394,546.1675868408875,-1,0.0
2024-04-03,543.7,554.0,540.0,544.35,953436,542.2110682893223,545.9944833322315,-1,0.0
2024-04-04,546.05,554.5,544.5,546.95,611256,543.0726922367182,546.0854849196381,-1,0.0
2024-04-05,546.95,560.0,538.4,548.35,4223466,544.0322027391331,546.3011530225298,-1,0.0
2024-04-08,552.95,567.4,552.05,565.4,2292137,547.9172567865635,548.1200908299079,-1,0.0
2024-04-09,568.2,570.0,555.0,557.35,1125528,549.6323010071883,548.9991297984881,1,2.0
2024-04-10,560.0,571.9,557.9,565.6,1202978,552.5355190058813,550.580165055775,1,0.0
2024-04-12,566.0,567.6,558.05,560.55,626146,553.9926973684483,551.5296731457012,1,0.0
2024-04-15,550.55,577.6,540.2,572.95,2890101,557.439479665094,553.5697042746821,1,0.0
2024-04-16,584.0,584.0,551.9,553.5,4855479,556.723210635077,553.5630657723314,1,0.0
2024-04-18,557.85,570.0,550.65,553.35,1518746,556.1098996105175,553.5427737940141,1,0.0
2024-04-19,552.0,552.0,535.2,546.25,1087066,554.3171905904234,552.8482239088698,1,0.0
2024-04-22,550.0,556.05,536.25,542.95,1719258,552.2504286648918,551.905535917549,1,0.0
2024-04-23,543.15,549.7,540.05,542.1,579037,550.404896180366,550.9716753539728,-1,-2.0
2024-04-24,543.2,548.75,540.65,544.05,580018,549.2494605112086,550.312468177404,-1,0.0
2024-04-25,544.9,547.2,540.0,543.2,561634,548.1495586000797,549.6350902557464,-1,0.0
2024-04-26,544.95,557.1,543.75,551.4,750566,548.7405479455197,549.8031768980562,-1,0.0
2024-04-29,554.8,558.0,548.4,551.55,338758,549.2513574099706,549.9695410030033,-1,0.0
2024-04-30,551.55,556.5,545.2,546.6,1230913,548.7692924263396,549.6486323360506,-1,0.0
2024-05-02,548.75,550.3,534.7,537.1,1435634,546.6476028942778,548.453524494522,-1,0.0
2024-05-03,539.8,542.0,530.8,535.9,963669,544.6934932771364,547.257950733139,-1,0.0
2024-05-06,536.2,561.8,532.65,548.2,3671453,545.3310399540208,547.3476697109353,-1,0.0
2024-05-07,563.0,567.0,534.2,538.4,6162778,544.0708508714715,546.4955106908462,-1,0.0
2024-05-08,538.95,556.0,536.15,546.25,1303842,544.4670598039312,546.4721287202894,-1,0.0
2024-05-09,549.0,551.3,530.0,531.95,1180977,542.1912307486709,545.0890688421666,-1,0.0
2024-05-10,533.4,538.0,523.25,530.05,662436,539.9837342489125,543.6567765714841,-1,0.0
2024-05-13,531.0,539.25,519.35,536.75,624241,539.395782567292,542.9989883265808,-1,0.0
2024-05-14,539.55,553.9,535.05,551.4,1339612,541.5783675550571,543.7990846764303,-1,0.0
2024-05-15,551.35,551.35,541.45,542.55,437814,541.7550279995921,543.680124231056,-1,0.0
2024-05-16,544.9,553.7,539.3,550.9,810601,543.4177501814844,544.3677314471458,-1,0.0
2024-05-17,551.2,556.7,543.4,551.7,776025,544.9236137848509,545.0660427378939,-1,0.0
2024-05-18,555.0,558.2,551.15,553.75,109258,546.5284112785143,545.8930862866658,1,2.0
2024-05-21,554.0,563.0,550.35,560.8,940943,549.1232455915117,547.3127923546024,1,0.0
2024-05-22,563.0,568.45,556.05,558.0,1052694,550.7372009385095,548.330621654164,1,0.0
2024-05-23,563.0,563.55,550.1,560.75,729152,552.5577098587805,549.5134195918627,1,0.0
2024-05-24,560.0,567.0,555.2,556.5,762932,553.2744898844568,550.1788082021615,1,0.0
2024-05-27,560.95,562.8,551.15,554.4,577203,553.4791280872828,550.5808264686223,1,0.0
2024-05-28,554.0,559.95,540.0,547.35,462513,552.3647411623223,550.2731287097058,1,0.0
2024-05-29,548.2,557.55,544.55,555.05,744069,552.8529700419,550.728068832591,1,0.0
2024-05-30,555.05,555.05,535.65,540.0,765462,550.5160663979182,549.7063479913919,1,0.0
2024-05-31,538.1,558.0,538.1,551.35,1810821,550.6676906892058,549.862886277926,1,0.0
2024-06-03,560.0,577.0,555.35,569.45,2601074,554.0826560184411,551.7283256800283,1,0.0
2024-06-04,570.0,571.7,490.0,533.3,2834737,550.3039912878154,549.9732470438352,1,0.0
2024-06-05,537.25,553.7,514.25,550.2,819413,550.2850837809399,549.9948425634699,1,0.0
2024-06-06,554.35,576.0,551.4,571.1,1837974,554.0696140025872,552.0048575574251,1,0.0
2024-06-07,577.0,590.0,567.05,588.7,2508425,560.3660478202986,555.4996330281466,1,0.0
2024-06-10,594.8,598.0,577.4,590.0,1444154,565.7540391256988,558.7853822635612,1,0.0
2024-06-11,593.8,618.0,577.0,607.75,2351156,573.3896683755718,563.4486791908412,1,0.0
2024-06-12,613.75,616.0,603.0,610.5,1472966,580.137001398195,567.929757363142,1,0.0
2024-06-13,615.5,644.1,610.9,636.2,2568931,590.3302738712505,574.4316852333191,1,0.0
2024-06-14,646.2,648.95,626.85,632.05,1745156,597.9156786219322,579.9191437825268,1,0.0
2024-06-18,632.05,638.5,622.5,635.25,1223208,604.7037370543081,585.1887491365719,1,0.0
2024-06-19,635.25,635.25,610.2,612.05,1108093,606.0394212262521,587.7469635045175,1,0.0
2024-06-20,612.05,623.3,605.95,608.3,1123522,606.4504355487517,589.7043955517062,1,0.0
2024-06-21,608.1,613.45,595.35,599.75,1561042,605.2321745398876,590.661119784877,1,0.0
2024-06-24,595.0,613.6,580.45,607.8,2165380,605.6990518962716,592.2933940910791,1,0.0
2024-06-25,607.8,618.9,607.8,612.9,1137951,607.0083151878586,594.2559279871668,1,0.0
2024-06-26,612.9,623.2,608.1,620.95,1319234,609.5431669718843,596.7982205598177,1,0.0
2024-06-27,623.95,638.7,610.45,627.05,1329806,612.7262275224507,599.6793424112636,1,0.0
2024-06-28,627.9,642.1,623.05,628.45,1627201,615.5850952456415,602.4194050387623,1,0.0
2024-07-01,628.45,650.0,627.45,646.95,1772279,621.2878052009794,606.6604140826897,1,0.0
2024-07-02,653.0,663.4,647.55,650.85,3318692,626.6627497098922,610.8689460748145,1,0.0
2024-07-03,651.95,654.4,634.75,637.85,1332320,628.6967952171844,613.4385702581656,1,0.0
2024-07-04,637.0,637.85,628.2,632.85,816689,629.4519233595146,615.2872778526261,1,0.0
2024-07-05,632.9,649.7,630.05,644.4,890553,632.1697554759664,618.0599180571378,1,0.0
2024-07-08,649.0,655.55,639.0,653.35,712832,636.0207090257907,621.4208782421723,1,0.0
2024-07-09,658.0,661.0,642.25,650.0,965198,638.5623982938287,624.1426993619655,1,0.0
2024-07-10,658.0,662.8,635.7,652.45,1062133,641.0874167858598,626.838632756064,1,0.0
2024-07-11,652.45,654.05,642.15,645.1,360811,641.8169773702489,628.5778105888198,1,0.0
2024-07-12,645.15,650.5,633.6,634.7,944893,640.522981484749,629.1608762470274,1,0.0
2024-07-15,634.7,649.35,631.3,642.5,839002,640.8824393966129,630.4312689854057,1,0.0
2024-07-16,642.5,651.55,636.3,637.8,1356224,640.321995869956,631.1330528915576,1,0.0
2024-07-18,637.8,646.45,628.5,634.4,1645852,639.2452693481458,631.4441907114093,1,0.0
2024-07-19,634.4,637.7,612.4,619.2,1167358,635.6006749212103,630.2780773103227,1,0.0
2024-07-22,612.0,645.9,612.0,643.5,2017538,637.0369158446265,631.537308042673,1,0.0
2024-07-23,647.9,650.0,617.1,634.45,972910,636.5665675092398,631.8147072767041,1,0.0
2024-07-24,634.5,656.9,631.0,648.75,841237,638.7817370530144,633.4275922979705,1,0.0
2024-07-25,647.95,654.0,641.05,649.45,1105573,640.7214212251936,634.95353588864,1,0.0
2024-07-26,649.45,653.65,644.0,648.45,379947,642.1266173660674,636.2389134230552,1,0.0
2024-07-29,649.2,670.0,649.2,668.5,2023074,646.9217778449641,639.3113978589547,1,0.0
2024-07-30,674.0,687.3,671.2,677.25,2285496,652.4360000549706,642.9245980628638,1,0.0
2024-07-31,680.7,686.9,674.1,678.9,1328040,657.2476364086122,646.3508268187815,1,0.0
2024-08-01,678.4,682.75,655.05,657.2,1158495,657.2389752434099,647.384081407469,1,0.0
2024-08-02,654.8,666.0,646.55,656.9,563647,657.1773433809717,648.2903593686625,1,0.0
2024-08-05,648.5,654.05,628.75,642.0,861263,654.4178264026132,647.691277524028,1,0.0
2024-08-06,642.0,665.0,635.15,644.5,659101,652.6145852385016,647.3873463312634,1,0.0
2024-08-07,649.0,654.3,631.45,636.95,1818505,649.7664788315013,646.3933133473336,1,0.0
2024-08-08,639.0,639.9,620.1,621.65,488110,644.6543917712283,644.0368073142541,1,0.0
2024-08-09,605.0,619.9,598.1,610.7,2360222,638.4808659946412,640.8618732843252,-1,-2.0
2024-08-12,605.0,620.6,603.9,618.9,892503,634.9207085410701,638.7702663048657,-1,0.0
2024-08-13,620.0,624.95,593.65,595.75,660439,627.7987615336028,634.6730980853546,-1,0.0
2024-08-14,601.0,602.0,584.35,592.5,985314,621.3808048911295,630.656612553416,-1,0.0
2024-08-16,594.3,606.55,592.5,601.2,653374,617.7115676381969,627.8512208816621,-1,0.0
2024-08-19,602.0,605.85,589.0,590.75,783832,612.809464431252,624.3177712738848,-1,0.0
2024-08-20,593.0,596.85,584.0,588.0,816689,608.2986527164788,620.8589359144672,-1,0.0
2024-08-21,589.9,602.0,584.4,596.9,1395492,606.2261704043917,618.5771324940417,-1,0.0
2024-08-22,602.9,602.9,589.25,595.4,1236574,604.2577757854114,616.3697865422282,-1,0.0
2024-08-23,598.4,598.4,590.15,594.0,2008643,602.3927256426093,614.2393306810636,-1,0.0
2024-08-26,597.7,601.45,588.6,599.45,950176,601.8576846166803,612.8308229971528,-1,0.0
2024-08-27,602.0,607.15,597.25,599.8,992885,601.4835601409202,611.5897922355192,-1,0.0
2024-08-28,601.0,604.9,595.6,600.75,1037391,601.3501855698438,610.5574310702316,-1,0.0
2024-08-29,600.95,614.0,599.9,603.3,2864832,601.7046972844175,609.8662471587809,-1,0.0
2024-08-30,605.0,615.9,604.0,606.95,1605771,602.6583886872506,609.5885093341351,-1,0.0
2024-09-02,637.15,689.95,630.75,680.0,45356355,616.7204998350232,616.294365588027,1,2.0
2024-09-03,676.0,682.5,665.0,676.15,6860218,627.5258635013827,621.9949021986911,1,0.0
2024-09-04,662.0,680.0,659.15,660.55,3339043,633.5302519556767,625.6668162750062,1,0.0
2024-09-05,661.0,682.8,661.0,677.95,4290472,641.6065697819173,630.646167105958,1,0.0
2024-09-06,672.5,685.0,664.55,667.0,2073678,646.2235570942959,634.1084369053906,1,0.0
2024-09-09,664.8,665.45,641.95,653.75,1718079,647.5920012589693,635.9790619620201,1,0.0
2024-09-10,660.55,662.35,644.7,654.15,1463072,648.7843646664294,637.7096274894467,1,0.0
2024-09-11,654.5,658.2,637.85,644.6,959370,648.023571090715,638.3658534428328,1,0.0
2024-09-12,647.05,650.5,636.85,639.35,1050945,646.4465581651305,638.4595816863725,1,0.0
2024-09-13,643.9,644.45,632.0,633.0,557827,644.001729407834,637.9396215257657,1,0.0
2024-09-16,632.95,634.7,623.35,630.3,642313,641.5105058791369,637.2120385233119,1,0.0
2024-09-17,634.75,641.45,621.5,623.95,1296821,638.3176866283848,635.9489872353774,1,0.0
2024-09-18,623.8,625.75,614.9,616.5,833927,634.350834514133,634.09670273677,1,0.0
2024-09-19,620.0,623.4,608.9,619.5,791115,631.6506827842906,632.7065405713633,-1,-2.0
2024-09-20,619.5,622.65,611.0,614.2,721181,628.4778313689649,630.9440128979002,-1,0.0
2024-09-23,614.95,623.7,611.4,617.05,743135,626.4000438473349,629.6207735742906,-1,0.0
2024-09-24,622.25,622.25,610.75,611.85,708943,623.7545813296376,627.9283189481678,-1,0.0
2024-09-25,613.0,615.75,604.05,605.3,1207605,620.3992029060671,625.7732409531042,-1,0.0
2024-09-26,610.85,611.0,597.0,605.45,1483506,617.6811660140548,623.8376941956657,-1,0.0
2024-09-27,603.5,616.5,601.0,610.8,1377222,616.4300449205903,622.5960090341737,-1,0.0
2024-09-30,616.0,621.5,608.0,618.4,1572438,616.788218571392,622.1963891261572,-1,0.0
2024-10-01,622.0,624.35,613.65,615.3,1154310,616.5176333765934,621.5395901617613,-1,0.0
2024-10-03,607.8,618.9,605.0,609.55,1111120,615.2507909444855,620.3977244320698,-1,0.0
2024-10-04,609.55,627.0,606.0,616.45,1752323,615.4688289545791,620.0217506766346,-1,0.0
2024-10-07,620.0,620.0,592.8,596.15,1191569,611.956314599201,617.7482506121931,-1,0.0
2024-10-08,592.15,606.45,585.0,602.95,599355,610.3188028538917,616.3388934110319,-1,0.0
2024-10-09,604.25,607.55,595.5,597.55,648560,607.9972023350023,614.5494749909336,-1,0.0
2024-10-10,600.95,605.35,590.05,602.9,401916,607.0704382740927,613.4400011822734,-1,0.0
2024-10-11,603.3,605.25,597.55,600.1,323483,605.8030858606212,612.1695248791998,-1,0.0
2024-10-14,602.55,602.9,585.05,589.3,640388,602.8025247950537,609.9914748907046,-1,0.0
2024-10-15,591.55,594.95,584.3,585.9,1851820,599.7293384686803,607.6970487106374,-1,0.0
2024-10-16,583.7,591.35,579.0,586.3,1384191,597.2876405652838,605.6592345477195,-1,0.0
2024-10-17,587.0,589.65,566.7,570.25,1077288,592.3717059170503,602.2869264955558,-1,0.0
2024-10-18,559.95,566.55,543.35,563.0,3149777,587.0313957503139,598.54531444836,-1,0.0
2024-10-21,558.8,571.0,545.0,546.9,585272,579.7347783411658,593.6267130723257,-1,0.0
2024-10-22,546.85,549.95,534.15,535.7,871767,571.7284550064084,588.1098832559137,-1,0.0
2024-10-23,535.95,546.9,532.45,542.2,730477,566.3596450052431,583.7375134220172,-1,0.0
2024-10-24,543.9,544.2,532.5,536.0,654515,560.8397095497444,579.1910835723013,-1,0.0
2024-10-25,536.45,536.5,520.85,526.3,736182,554.5597623588817,574.1538375177964,-1,0.0
2024-10-28,526.3,532.85,519.05,527.65,667235,549.6670782936304,569.7249006113396,-1,0.0
2024-10-29,527.9,531.7,520.55,529.9,439507,546.0730640584248,565.9320529340692,-1,0.0
2024-10-30,530.05,533.55,525.85,527.25,441730,542.6506887750749,562.2480478927292,-1,0.0
2024-10-31,530.05,531.95,517.0,519.15,631770,538.3778362705158,558.1434719029455,-1,0.0
2024-11-01,523.0,525.4,521.1,523.35,52406,535.6455024031493,554.8298079121888,-1,0.0
2024-11-04,523.75,524.7,508.7,514.05,432598,531.7190474207584,550.9460166824565,-1,0.0
2024-11-05,508.1,515.35,503.5,512.55,685517,528.2337660715295,547.2892531888892,-1,0.0
2024-11-06,516.1,530.0,515.3,527.85,811267,528.1639904221605,545.4378957423284,-1,0.0
2024-11-07,533.75,553.0,530.3,540.8,3955010,530.4614467090404,544.9961913859162,-1,0.0
2024-11-08,537.05,537.05,518.35,523.55,1602443,529.2048200346694,542.9536969682099,-1,0.0
2024-11-11,521.1,526.15,516.55,517.65,742031,527.1039436647295,540.5438210664756,-1,0.0
2024-11-12,519.0,523.05,501.5,503.05,558217,522.7304993620514,536.9729809649065,-1,0.0
2024-11-13,501.15,506.5,489.65,491.7,470223,517.088590387133,532.6612684920583,-1,0.0
2024-11-14,493.0,497.0,484.7,486.0,311664,511.43611940765425,528.2173381594813,-1,0.0
2024-11-18,476.05,481.75,442.5,452.5,4498545,500.72046133353524,521.0061630966736,-1,0.0
2024-11-19,452.0,459.0,448.2,451.25,1357441,491.72583200016516,514.3627189922285,-1,0.0
2024-11-21,446.0,460.0,443.4,453.6,1054383,484.79386254558966,508.575793373921,-1,0.0
2024-11-22,454.5,464.85,453.65,461.85,1097310,480.62225117366427,504.1257178144999,-1,0.0
2024-11-25,467.55,470.05,462.5,466.2,484623,478.00002368754343,500.5137446893094,-1,0.0
2024-11-26,467.6,476.45,464.9,475.35,485622,477.51820119889913,498.1171975760418,-1,0.0
2024-11-27,476.0,476.6,469.35,472.15,317709,476.54216461728106,495.6441311402283,-1,0.0
2024-11-28,474.9,476.0,470.4,472.0,332150,475.7163165050481,493.3923091268732,-1,0.0
2024-11-29,474.6,481.0,472.05,479.75,570738,476.4497135041303,492.09304159098053,-1,0.0
2024-12-02,482.4,482.4,475.1,480.5,377887,477.186129230652,490.98894239183954,-1,0.0
2024-12-03,487.8,499.8,482.8,497.8,1356378,480.9341057341698,491.6376145449977,-1,0.0
2024-12-04,499.8,504.75,493.85,496.55,698232,483.773359237048,492.1054607788074,-1,0.0
2024-12-05,499.5,503.35,493.3,502.15,466123,487.1145666484938,493.06208356177814,-1,0.0
2024-12-06,505.95,516.0,500.2,512.7,779898,491.7664636214949,494.9323613177993,-1,0.0
2024-12-09,512.7,520.3,504.1,508.15,1094458,494.74528841758666,496.1911840494374,-1,0.0
2024-12-10,508.15,516.85,504.65,511.95,1338824,497.8734177962072,497.69202366377675,1,2.0
2024-12-11,514.0,524.25,506.1,518.4,865743,501.60552365144224,499.6642118862742,1,0.0
2024-12-12,518.4,519.0,508.0,509.0,338486,502.94997389663456,500.5533345637719,1,0.0
2024-12-13,508.0,509.0,498.5,508.3,298884,503.92270591542825,501.29111222436507,1,0.0
2024-12-16,511.95,521.9,507.85,519.65,1110416,506.7822139308049,503.03957772680644,1,0.0
2024-12-17,519.6,522.95,503.25,507.55,1290327,506.92181139793126,503.46914175282484,1,0.0
2024-12-18,504.8,507.45,498.0,503.1,257276,506.2269365983074,503.43398539541295,1,0.0
2024-12-19,493.25,508.85,493.0,505.85,608704,506.1584026713424,503.66408202442125,1,0.0
2024-12-20,506.85,510.35,498.45,499.8,474368,505.00232945837104,503.2960742125716,1,0.0
2024-12-23,501.7,505.75,491.0,498.7,491772,503.8564513750308,502.8583528589934,1,0.0
2024-12-24,498.7,511.95,498.0,505.85,413870,504.2189147613888,503.14327163432733,1,0.0
2024-12-26,506.0,511.4,501.2,509.0,353774,505.08820298659083,503.7010552882009,1,0.0
2024-12-27,509.0,511.1,501.8,502.8,265885,504.67216607993794,503.61524049884844,1,0.0
2024-12-30,496.3,507.0,494.75,498.1,1243588,503.47722679267645,503.0899794989581,1,0.0
2024-12-31,487.0,500.0,479.15,498.7,951612,502.6086401030989,502.67188621334304,-1,-2.0
2025-01-01,502.25,505.0,494.1,503.95,298004,502.8525237207172,502.7936113358818,1,2.0
2025-01-02,505.1,512.45,501.25,508.25,469710,503.83388304422317,503.3132673991312,1,0.0
2025-01-03,503.05,517.9,503.05,514.15,436461,505.7095406725462,504.3453371706425,1,0.0
2025-01-06,514.15,515.85,503.3,509.0,631681,506.3078060048105,504.78863839248606,1,0.0
2025-01-07,509.0,515.45,505.5,507.9,364105,506.59729582211764,505.08495854558265,1,0.0
2025-01-08,506.05,510.2,498.5,500.85,515984,505.55233294536896,504.68162916028905,1,0.0
2025-01-09,502.0,506.85,494.85,498.8,589257,504.3246360462109,504.1214740021663,1,0.0
2025-01-10,498.8,499.8,484.85,486.05,436665,501.0019749468998,502.4003812400552,-1,-2.0
2025-01-13,486.0,487.35,466.05,471.05,1406997,495.55616132019077,499.41463064576425,-1,0.0
2025-01-14,470.0,489.85,469.9,487.05,462700,494.0095865347015,498.2370467747391,-1,0.0
2025-01-15,487.05,492.0,484.0,490.9,521721,493.4442071647557,497.53828041524014,-1,0.0
2025-01-16,491.15,495.0,486.0,489.2,757423,492.67253313480006,496.74415847093155,-1,0.0
2025-01-17,489.2,505.5,486.2,500.0,1516376,494.0047998375636,497.0542386165571,-1,0.0
2025-01-20,500.0,501.75,492.75,499.9,180637,495.076654412552,497.3252635102183,-1,0.0
2025-01-21,500.05,504.3,493.9,499.25,475893,495.83544451936075,497.50857174734034,-1,0.0
2025-01-22,497.25,501.3,488.6,495.05,273850,495.6926364249315,497.2744220571175,-1,0.0
2025-01-23,494.9,504.5,490.7,503.25,647763,497.06670252948936,497.8435247183444,-1,0.0
2025-01-24,503.0,506.0,493.0,494.75,507778,496.645483887764,497.54890331659726,-1,0.0
2025-01-27,494.0,495.0,482.0,483.95,775963,494.3372140899887,496.25376966739753,-1,0.0
2025-01-28,485.0,487.8,465.25,466.6,1242033,489.29408425544534,493.42960112764536,-1,0.0
2025-01-29,467.6,479.5,464.4,469.7,533680,485.731523481728,491.1696391154887,-1,0.0
2025-01-30,474.15,485.45,468.25,478.8,595599,484.4712464850502,489.9915782473469,-1,0.0
2025-01-31,476.55,486.85,475.1,486.0,244754,484.7492016695865,489.6114279380758,-1,0.0
2025-02-01,487.0,489.0,454.55,456.25,757182,479.56752863875255,486.4341490868305,-1,0.0
2025-02-03,451.3,464.75,446.3,461.4,829890,476.2643416135248,484.0499444118942,-1,0.0
2025-02-04,464.85,468.8,457.3,467.55,774445,474.6799158656111,482.47852113457094,-1,0.0
2025-02-05,470.95,482.75,467.6,478.2,467615,475.3199311627727,482.0710429312785,-1,0.0
2025-02-06,469.95,477.85,462.35,470.3,1347287,474.40721640590493,480.94999122353767,-1,0.0
2025-02-07,470.5,476.4,456.3,460.8,771038,471.9331770593767,479.0309444403436,-1,0.0
2025-02-10,456.3,461.25,440.95,443.65,436568,466.79078123039903,475.66133068412034,-1,0.0
2025-02-11,439.65,441.85,420.0,421.25,527302,458.5106391885083,470.47929919039456,-1,0.0
2025-02-12,424.95,424.95,404.45,405.25,4187348,448.8268866087795,464.2669849817855,-1,0.0
2025-02-13,405.2,416.9,400.15,402.85,1182590,440.4674526799105,458.4177483168536,-1,0.0
2025-02-14,407.5,407.95,388.8,393.5,810303,431.92791582901765,452.2351056200104,-1,0.0
2025-02-17,391.55,395.5,385.1,391.45,373420,424.56829476919626,446.4460479419142,-1,0.0
2025-02-18,390.0,393.75,386.55,392.75,350821,418.783150265706,441.33213861411286,-1,0.0
2025-02-19,391.0,397.6,389.05,395.15,388787,414.4862138537594,436.93383969848304,-1,0.0
2025-02-20,395.0,401.2,391.7,400.55,416975,411.9523567894395,433.46871210815135,-1,0.0
2025-02-21,400.55,411.95,400.55,405.3,647575,410.74283737317774,430.7859776216608,-1,0.0
2025-02-24,404.05,410.8,396.05,406.65,498664,409.998685123509,428.4873130862645,-1,0.0
2025-02-25,405.05,407.45,385.25,394.4,2351215,407.16256055559825,425.2409023161441,-1,0.0
2025-02-27,389.0,401.9,374.0,379.85,1862562,402.19664045458035,420.9179592384161,-1,0.0
2025-02-28,384.0,384.0,367.0,370.35,1043321,396.4063421901112,416.10196312047174,-1,0.0
2025-03-03,370.35,375.0,360.25,372.0,556798,391.9688254282728,411.9017761566173,-1,0.0
2025-03-04,369.6,372.95,364.5,370.2,1656208,388.0108571685868,407.9301784274157,-1,0.0
2025-03-05,371.95,389.0,370.0,385.75,727097,387.59979222884374,405.8177804819475,-1,0.0
2025-03-06,390.0,396.9,389.0,393.6,686047,388.6907390963267,404.65418234080965,-1,0.0
2025-03-07,392.75,395.6,387.1,389.0,1189250,388.74696835154003,403.1633078321611,-1,0.0
2025-03-10,390.0,393.05,380.0,383.8,538434,387.84751956035086,401.3191832767171,-1,0.0
2025-03-11,380.0,384.95,377.3,382.0,218624,386.78433418574156,399.4792610598869,-1,0.0
2025-03-12,384.0,399.9,382.5,385.55,1600419,386.559909788334,398.1526647684691,-1,0.0
2025-03-13,390.0,394.65,385.1,387.55,598565,386.7399261904551,397.14288717147207,-1,0.0
2025-03-17,389.0,391.2,376.0,377.95,473738,385.14175779219056,395.3149931551414,-1,0.0
2025-03-18,380.0,384.0,377.25,382.85,351403,384.7250745572468,394.1278509498898,-1,0.0
2025-03-19,382.85,398.0,382.85,393.3,520176,386.28415191047463,394.04900800228125,-1,0.0
2025-03-20,393.0,405.9,391.35,402.45,716882,389.22339701766106,394.84910247825445,-1,0.0
2025-03-21,402.5,415.5,400.4,413.25,687219,393.5918702871772,396.60156890889687,-1,0.0
2025-03-24,415.0,421.8,412.5,416.0,421384,397.66607568950855,398.44903853662095,-1,0.0
2025-03-25,418.0,420.0,406.2,410.65,331397,400.026789200507,399.6110348664666,1,2.0
2025-03-26,410.65,410.9,403.0,404.7,312039,400.87646389132385,400.0956982125174,1,0.0
2025-03-27,401.0,414.0,399.4,410.4,575196,402.60801591108316,401.07706028751574,1,0.0
2025-03-28,415.4,421.3,407.05,412.35,573340,404.3792857454317,402.15067359346665,1,0.0
2025-04-01,412.0,417.85,408.0,409.8,198126,405.3648701553532,402.87918087027936,1,0.0
2025-04-02,408.0,411.35,402.5,407.65,173180,405.7803483089253,403.3335445969194,1,0.0
2025-04-03,405.9,415.2,405.0,412.95,300198,407.0839213436661,404.2493974924509,1,0.0
2025-04-04,410.0,411.95,391.0,396.8,408211,405.2141174629995,403.5399310645984,1,0.0
2025-04-07,383.95,393.0,371.95,389.7,380211,402.39336883336324,402.2218423917795,1,0.0
2025-04-08,392.45,401.0,389.15,399.5,282135,401.8673017727517,401.9626193068481,-1,-2.0
2025-04-09,401.0,407.6,393.7,404.3,247821,402.3096105413423,402.1852269919102,1,2.0
2025-04-11,408.4,434.3,406.5,428.3,848290,407.0351358974618,404.67234823077587,1,0.0
2025-04-15,435.55,436.0,427.0,432.4,428857,411.6469293706506,407.31307697070196,1,0.0
2025-04-16,429.95,432.25,425.25,429.25,243173,414.8474876668959,409.402307735397,1,0.0
2025-04-17,425.0,446.85,425.0,445.3,814179,420.3843080910966,412.8211355701211,1,0.0
2025-04-21,445.8,451.25,439.25,450.05,285224,425.7780702563517,416.36674170630005,1,0.0
2025-04-22,450.0,461.7,444.15,454.15,504544,430.93660293701504,419.96514725808095,1,0.0
2025-04-23,454.5,457.85,441.15,451.35,254906,434.64812967573954,422.9541808525494,1,0.0
2025-04-24,448.0,460.0,447.95,458.9,476814,439.05756064378687,426.37759219992563,1,0.0
2025-04-25,457.0,459.15,447.45,451.2,331626,441.26527689037107,428.74163103802795,1,0.0
2025-04-28,450.0,456.8,444.8,454.8,204187,443.7261356375763,431.2233804629776,1,0.0
2025-04-29,454.8,473.0,453.25,468.45,476982,448.22138370347153,434.7687727998369,1,0.0
2025-04-30,468.45,469.7,445.25,453.5,653302,449.18113212102213,436.55269919985244,1,0.0
2025-05-02,452.0,455.55,446.15,452.4,200647,449.7663808262908,438.06196594272365,1,0.0
2025-05-05,452.2,472.9,449.8,469.45,798514,453.3452206760561,441.05130251960713,1,0.0
2025-05-06,471.95,472.4,451.95,455.45,183820,453.72790782586407,442.42260704154927,1,0.0
2025-05-07,448.4,461.0,445.6,458.2,197411,454.5410154938888,443.92521589473506,1,0.0
2025-05-08,459.95,463.1,441.45,448.15,206595,453.3790126768181,444.32757628571267,1,0.0
2025-05-09,432.0,459.0,432.0,452.25,700907,453.17373764466936,445.0820928299305,1,0.0
2025-05-12,463.7,465.5,458.0,463.95,189575,455.1330580729113,446.8790363699371,1,0.0
2025-05-13,463.0,469.95,457.0,463.85,270281,456.7179566051092,448.4953186204193,1,0.0
2025-05-14,463.8,478.0,459.65,476.3,1136653,460.27832813145295,451.1433835137127,1,0.0
2025-05-15,474.0,475.95,466.2,473.65,608823,462.70954119846147,453.286870798121,1,0.0
2025-05-16,475.0,476.35,467.05,469.45,311238,463.9350791623776,454.8262164363952,1,0.0
2025-05-19,469.45,475.0,465.25,467.15,248240,464.51961022376344,455.99991010911947,1,0.0
2025-05-20,485.0,495.0,454.35,458.7,3687975,463.46149927398824,456.25706152729856,1,0.0
2025-05-21,460.05,467.7,458.7,464.0,416571,463.55940849689944,456.99448423898446,1,0.0
2025-05-22,464.0,467.7,461.0,462.95,738514,463.4486069520086,457.56167621622404,1,0.0
2025-05-23,462.05,465.95,458.75,462.05,356629,463.1943147789161,457.9891356242027,1,0.0
2025-05-26,463.0,468.0,459.2,461.45,212349,462.877166637295,458.31874175523103,1,0.0
2025-05-27,457.1,462.45,455.0,459.9,286539,462.3358636123322,458.46933777854235,1,0.0
2025-05-28,463.0,464.6,458.05,460.55,119867,462.0111611373627,458.66749608534786,1,0.0
2025-05-29,461.0,464.65,456.3,462.3,190999,462.06367729420583,459.01344883912424,1,0.0
2025-05-30,463.0,464.0,459.1,460.05,98252,461.6975541498048,459.11216799730283,1,0.0
2025-06-02,460.05,467.8,459.0,462.35,269312,461.81618066802207,459.4205329499407,1,0.0
2025-06-03,462.35,467.15,458.9,466.3,261254,462.6314205465635,460.0757202880416,1,0.0
2025-06-04,468.0,475.25,460.55,473.85,516094,464.67116226537007,461.3875564510853,1,0.0
2025-06-05,473.85,477.5,471.25,476.15,288541,466.75822367166637,462.79350345574386,1,0.0
2025-06-06,476.0,482.0,472.6,480.0,243500,469.16581936772707,464.4322174123397,1,0.0
2025-06-09,480.0,484.1,477.0,481.65,339692,471.4356703917767,466.0720062302121,1,0.0
2025-06-10,483.15,486.5,478.2,480.7,200010,473.12009395690814,467.4651484940014,1,0.0
2025-06-11,482.6,489.2,480.9,484.45,403867,475.18007687383385,469.0827533993346,1,0.0
2025-06-12,486.5,487.85,474.45,477.2,249565,475.54733562404584,469.85582450415984,1,0.0
2025-06-13,469.0,471.75,465.0,469.65,167660,474.4750927833102,469.8362221704303,1,0.0
2025-06-16,469.65,481.6,468.15,478.3,337392,475.170530459072,470.6422962494369,1,0.0
2025-06-17,475.0,483.1,472.05,477.0,186652,475.50316128469524,471.2477918447287,1,0.0
2025-06-18,477.0,481.5,460.4,463.9,708457,473.39349559656875,470.54800214523067,1,0.0
2025-06-19,463.8,472.25,446.05,453.85,485620,469.84013276082896,468.9577162266373,1,0.0
2025-06-20,450.0,462.0,446.1,449.25,1076698,466.09647225886005,467.08079087171944,-1,-2.0
2025-06-23,445.05,454.75,445.05,451.45,197359,463.43347730270364,465.59214412203187,-1,0.0
2025-06-24,456.0,457.75,446.4,449.65,387787,460.9273905203938,464.07384468183835,-1,0.0
2025-06-25,450.95,461.0,450.95,456.95,379854,460.2042286075949,463.39538328356804,-1,0.0
2025-06-26,461.0,462.0,453.5,461.25,195627,460.39436886075947,463.1910610660854,-1,0.0
2025-06-27,461.25,488.4,461.1,470.7,2222653,462.26811997698496,463.9061981074106,-1,0.0
2025-06-30,470.7,478.0,467.7,474.8,423583,464.5466436175331,464.943703049562,-1,0.0
2025-07-01,474.8,482.0,471.75,480.2,539560,467.39270841434524,466.39668371150844,1,2.0
2025-07-02,481.0,502.0,478.35,499.4,1155108,473.21221597537334,469.5398566913648,1,0.0
2025-07-03,501.1,508.7,492.0,495.15,1184543,477.20090397985086,471.97891795885386,1,0.0
2025-07-04,495.15,499.4,487.8,489.25,289091,479.391648710787,473.62378291515347,1,0.0
2025-07-07,489.5,495.5,482.75,484.9,205905,480.3931671270075,474.6977083518055,1,0.0
2025-07-08,485.7,490.2,473.0,474.3,574756,479.28531855846063,474.6598313659193,1,0.0
2025-07-09,475.0,482.7,472.7,478.2,537536,479.08798791146774,474.99699028345077,1,0.0
2025-07-10,478.2,482.0,470.2,473.3,143658,478.035626473019,474.8353721612174,1,0.0
2025-07-11,470.0,475.9,465.0,467.3,119697,476.0836943870155,474.11771766967286,1,0.0
2025-07-14,465.3,470.95,462.15,463.15,135996,473.73211358937624,473.073173129704,1,0.0
2025-07-15,463.8,469.95,461.6,464.7,175772,472.0899111185805,472.2757280697322,-1,-2.0
2025-07-16,464.7,476.05,463.6,474.65,216617,472.55538182429314,472.5018492059482,1,2.0
2025-07-17,475.5,479.0,473.2,477.0,220101,473.3634942198762,472.93024451966744,1,0.0
2025-07-18,478.1,478.1,470.0,471.15,185182,472.9610407253532,472.76069742255623,1,0.0
2025-07-21,471.15,472.65,464.35,467.0,150946,471.8772151389253,472.212059572789,-1,-2.0
2025-07-22,467.45,478.3,467.05,471.8,192963,471.863176022757,472.17281580395195,-1,0.0
2025-07-23,471.8,484.8,471.8,476.35,537766,472.6789622004375,472.57064287024224,1,2.0
2025-07-24,478.3,478.4,473.05,474.55,147572,473.01915089126703,472.75915307307633,1,0.0
2025-07-25,474.05,474.3,454.3,460.3,535524,470.70657800194573,471.5725670661167,-1,-2.0
2025-07-28,461.25,465.1,449.0,452.95,124581,467.4781092743192,469.798989250296,-1,0.0
2025-07-29,452.3,457.4,450.05,451.85,110526,464.63663486080657,468.0895617026488,-1,0.0
2025-07-30,451.95,455.3,447.65,448.5,184867,461.7027012497508,466.2238891595394,-1,0.0
2025-07-31,447.0,452.0,438.3,440.5,296352,457.84766465888697,463.77399495386896,-1,0.0
2025-08-01,445.0,452.35,425.2,427.55,398711,452.3389983572711,460.3240906725481,-1,0.0
2025-08-04,431.9,431.9,419.0,421.05,243725,446.65008956504,456.5837010846864,-1,0.0
2025-08-05,423.0,427.95,420.0,423.85,167147,442.5046187350327,453.46620574328773,-1,0.0
2025-08-06,427.8,432.0,423.0,428.95,366629,440.04014260139036,451.13132900583173,-1,0.0
2025-08-07,421.5,426.6,417.0,424.65,165382,437.241934855683,448.60929767194295,-1,0.0
2025-08-08,422.25,433.0,422.25,430.05,203123,435.9343103364679,446.8417455127103,-1,0.0
2025-08-11,430.05,444.7,427.55,429.2,391663,434.70989027529185,445.1615792734045,-1,0.0
2025-08-12,432.0,433.15,424.0,425.3,497973,432.99900113432966,443.27000029498504,-1,0.0
2025-08-13,422.6,430.5,422.6,424.25,126445,431.4082736553606,441.4585716954627,-1,0.0
2025-08-14,428.0,428.0,418.5,422.25,145962,429.7431329907496,439.6291839149425,-1,0.0
2025-08-18,426.2,428.6,422.65,427.2,103038,429.28074517424966,438.4454521135194,-1,0.0
2025-08-19,428.5,439.2,425.25,434.8,219498,430.2842460516588,438.09826619794615,-1,0.0
2025-08-20,434.75,436.8,429.05,432.2,110813,430.63256495135715,437.53652656004647,-1,0.0
2025-08-21,432.2,437.3,432.0,435.15,123638,431.45391677838313,437.3092383162325,-1,0.0
2025-08-22,435.1,437.7,430.5,432.05,93675,431.56229554594984,436.8083584765913,-1,0.0
2025-08-25,433.3,435.9,429.05,431.8,406834,431.6055145375953,436.3313719550112,-1,0.0
2025-08-26,433.6,434.0,423.1,425.35,596531,430.46814825803244,435.2855270069149,-1,0.0
2025-08-28,429.6,429.6,418.25,419.1,153031,428.4012122111174,433.7440482443516,-1,0.0
2025-08-29,419.1,423.6,416.25,419.45,181463,426.7737190818233,432.38271031631814,-1,0.0
2025-09-01,422.0,446.45,419.05,441.85,471611,429.5148610669463,433.2843569528593,-1,0.0
2025-09-02,446.0,449.1,435.1,437.05,506270,430.8848863275015,433.64298962401557,-1,0.0
2025-09-03,440.55,447.65,437.8,442.35,261248,432.96945244977394,434.47222870744264,-1,0.0
2025-09-04,441.4,450.35,440.05,442.55,201261,434.71137018617867,435.2415402591148,-1,0.0
2025-09-05,446.0,446.0,433.25,433.95,133259,434.5729392432371,435.1185364249134,-1,0.0
2025-09-08,433.0,437.95,429.75,430.35,164389,433.80513210810307,434.66439009873113,-1,0.0
2025-09-09,431.05,434.1,427.55,429.15,474252,432.95874445208426,434.1392100893282,-1,0.0
2025-09-10,431.35,435.95,430.05,434.5,159153,433.23897273352344,434.1735710332017,-1,0.0
2025-09-11,433.3,452.0,432.0,437.85,736762,434.07734132742826,434.5237071252777,-1,0.0
2025-09-12,438.0,440.0,430.1,431.05,283835,433.5269156315322,434.19287787525127,-1,0.0
2025-09-15,432.05,436.0,429.5,433.9,165707,433.59474915307175,434.164984744275,-1,0.0
2025-09-16,438.0,447.1,434.05,442.85,388926,435.27752203433147,434.99212905434405,1,2.0
2025-09-17,447.45,447.45,439.55,441.45,193703,436.39979075536206,435.60716438250176,1,0.0
2025-09-18,443.4,443.4,437.0,438.45,119994,436.77255607256893,435.8779106317873,1,0.0
2025-09-19,440.4,441.85,432.1,434.95,301331,436.44118224119273,435.7895381906647,1,0.0
2025-09-22,435.0,438.5,428.75,429.15,325796,435.11551274279407,435.1572012201252,-1,-2.0
2025-09-23,429.15,440.95,429.15,432.95,435135,434.72178315319513,434.9469915801133,-1,0.0
2025-09-24,432.95,435.55,429.05,434.2,242421,434.6269134889778,434.8758495248644,-1,0.0
2025-09-25,434.2,435.0,428.75,431.95,151406,434.1402019455272,434.597197189163,-1,0.0
2025-09-26,431.95,433.1,423.2,424.05,209047,432.30561977361316,433.59270221876653,-1,0.0
2025-09-29,424.1,430.7,419.65,425.3,568434,431.03187072386527,432.8029210550745,-1,0.0
2025-09-30,425.3,433.3,424.3,429.55,221676,430.7624396831625,432.4931190498293,-1,0.0
2025-10-01,426.4,437.4,426.4,435.1,248848,431.55108701349656,432.74139342603604,-1,0.0
2025-10-03,435.1,437.8,430.7,436.65,220753,432.4781621019517,433.11364167117546,-1,0.0
2025-10-06,439.5,439.5,428.25,431.85,162783,432.3639508106877,432.9932948453492,-1,0.0
2025-10-07,434.7,435.9,429.45,430.6,599122,432.04323248147176,432.765362002935,-1,0.0
2025-10-08,431.0,437.0,428.5,429.8,201582,431.6353720302951,432.48294657408405,-1,0.0
2025-10-09,429.8,435.0,426.0,428.05,193219,430.98348620660505,432.06076118607604,-1,0.0
2025-10-10,431.0,431.55,426.95,429.65,196323,430.74103416904046,431.8311648826402,-1,0.0
2025-10-13,428.0,431.05,424.55,426.85,414381,430.0335734110331,431.35676822715067,-1,0.0
2025-10-14,426.85,436.8,425.0,426.35,223419,429.3638327908452,430.8799331578982,-1,0.0
2025-10-15,427.15,432.0,420.35,426.05,530789,428.7613177379642,430.4199395238127,-1,0.0
2025-10-16,425.9,429.15,419.15,419.9,331961,427.1501690583343,429.41804052154475,-1,0.0
2025-10-17,419.9,421.75,418.05,420.3,191148,425.9046837750008,428.54965570996904,-1,0.0
2025-10-20,421.95,423.8,412.05,412.8,257408,423.5220139977279,427.0496884994958,-1,0.0
2025-10-21,417.2,419.0,415.05,417.35,23907,422.3998296345046,426.12590864240093,-1,0.0
2025-10-23,418.0,419.3,413.05,413.95,254834,420.8634969736855,424.96629829550557,-1,0.0
2025-10-24,413.95,417.0,412.5,415.85,463196,419.95195206937905,424.0980794102193,-1,0.0
2025-10-27,415.85,417.0,411.7,412.6,140378,418.61523351131007,423.0030242282937,-1,0.0
2025-10-28,412.6,414.9,405.25,405.8,251315,416.2851910547082,421.36464096845623,-1,0.0
2025-10-29,406.7,415.45,404.15,410.8,1126907,415.28788359021576,420.35848468574613,-1,0.0
2025-10-30,413.0,413.65,406.5,411.65,260116,414.6264502101765,419.52910519186554,-1,0.0
2025-10-31,411.85,412.6,405.05,407.4,303065,413.3125501719625,418.3739523164498,-1,0.0
2025-11-03,410.0,412.0,407.3,410.5,119660,412.80117741342383,417.6240520958355,-1,0.0
2025-11-04,410.5,413.75,405.0,407.2,196980,411.78278152007397,416.6312852295655,-1,0.0
2025-11-06,407.1,407.1,398.15,400.95,1117357,409.8131848800605,415.13782949341635,-1,0.0
2025-11-07,400.95,402.95,396.6,399.25,238770,407.89260581095857,413.62470287499576,-1,0.0
2025-11-10,400.95,404.9,398.15,403.45,969917,407.0848592998752,412.65568355356754,-1,0.0
2025-11-11,401.45,405.4,397.1,404.2,449287,406.56033942717056,411.8503803579897,-1,0.0
2025-11-12,405.55,409.0,402.0,408.05,240383,406.8311868040486,411.4884393715145,-1,0.0
2025-11-13,410.0,410.6,405.15,410.0,354745,407.407334657858,411.3466832408941,-1,0.0
2025-11-14,409.9,409.9,402.0,403.4,131314,406.67872835642925,410.58985626557086,-1,0.0
2025-11-17,405.3,411.85,404.5,409.8,293110,407.24623229162387,410.514631859326,-1,0.0
2025-11-18,407.2,411.0,404.45,405.3,242251,406.89237187496497,410.01800025367595,-1,0.0
2025-11-19,405.3,407.0,401.0,402.5,180831,406.0937588067895,409.3020002295163,-1,0.0
2025-11-20,404.25,404.35,400.1,402.05,91242,405.35852993282776,408.6113335409909,-1,0.0
2025-11-21,401.0,402.6,398.2,398.75,69390,404.15697903595,407.67215891803943,-1,0.0
2025-11-24,398.75,402.5,397.65,401.55,188624,403.6829828475954,407.08909616394044,-1,0.0
2025-11-25,400.0,400.85,395.1,398.85,194362,402.8042586934871,406.30442033880325,-1,0.0
2025-11-26,398.85,402.0,395.65,400.75,127342,402.4307571128531,405.7754279255839,-1,0.0
2025-11-27,403.15,405.2,398.95,402.0,151649,402.35243763778885,405.4158633612426,-1,0.0
2025-11-28,402.9,406.1,395.0,396.15,302203,401.2247217036454,404.53340018398137,-1,0.0
2025-12-01,396.15,400.2,395.85,396.6,106558,400.3838632120735,403.7778382616974,-1,0.0
2025-12-02,395.0,416.0,395.0,403.25,1939043,400.90497899169645,403.7275679510596,-1,0.0
2025-12-03,404.4,415.0,404.4,412.9,859581,403.0858919022971,404.60113290810153,-1,0.0
2025-12-04,415.0,416.4,406.8,409.3,330809,404.21572973824306,405.0486440597109,-1,0.0
2025-12-05,411.5,412.7,404.35,406.55,404380,404.64014251310795,405.1916303397384,-1,0.0
2025-12-08,406.8,411.6,397.0,400.4,257033,403.86920751072466,404.73528459309665,-1,0.0
2025-12-09,400.9,403.5,395.6,398.4,230162,402.87480614513834,404.13192415565885,-1,0.0
2025-12-10,400.0,400.0,393.25,394.55,184195,401.36120502784047,403.219359950358,-1,0.0
2025-12-11,394.45,396.05,391.0,391.65,108652,399.5955313864149,402.11751614556204,-1,0.0
2025-12-12,392.25,396.85,391.75,395.65,126856,398.87816204343034,401.50156222693704,-1,0.0
2025-12-15,395.1,396.25,389.2,392.55,550447,397.727587126443,400.64903249103827,-1,0.0
2025-12-16,392.0,393.0,385.55,386.45,118798,395.67711673981694,399.29674368236795,-1,0.0
2025-12-17,388.0,392.8,384.0,385.6,415271,393.84491369621384,397.9922919030948,-1,0.0
2025-12-18,385.25,386.95,379.2,383.15,461179,391.90038393326586,396.57874029327627,-1,0.0
2025-12-19,383.6,396.3,381.5,395.15,488401,392.4912232181266,396.4426697891547,-1,0.0
2025-12-22,395.0,398.85,390.95,397.25,266399,393.3564553602854,396.51955838066374,-1,0.0
2025-12-23,396.0,400.25,393.6,396.65,263698,393.9552816584153,396.53198139202914,-1,0.0
2025-12-24,397.95,397.95,390.5,391.7,305672,393.5452304477943,396.0717926880264,-1,0.0
2025-12-26,392.45,399.25,389.2,394.0,237569,393.62791582092257,395.87447909869053,-1,0.0
2025-12-29,392.5,395.25,389.05,389.7,147276,392.91374930802755,395.2864334702438,-1,0.0
2025-12-30,389.7,393.55,386.15,391.45,322657,392.64761307020433,394.92105885403015,-1,0.0
2025-12-31,394.5,421.75,391.9,412.2,2597593,396.2025925119853,396.5666722965035,-1,0.0
2026-01-01,415.0,421.6,412.9,420.75,580364,400.66575750980616,398.86984636350314,1,2.0
2026-01-02,420.0,438.0,417.3,436.3,1187655,407.14471068984136,402.4346229003123,1,0.0
2026-01-05,435.8,443.2,431.0,441.0,509826,413.3002178371429,406.10751595742545,1,0.0
2026-01-06,441.15,443.75,432.15,437.75,383535,417.7456327758441,409.1210858662421,1,0.0
2026-01-07,437.75,437.75,427.0,433.15,248088,420.5464268165997,411.4095538789809,1,0.0
2026-01-08,433.0,437.15,426.6,428.0,181950,421.9016219408543,412.989596366697,1,0.0
2026-01-09,425.1,429.0,422.15,424.85,434055,422.43769067888076,414.11915861748776,1,0.0
2026-01-12,424.0,425.05,409.2,416.85,323162,421.4217469190842,414.3792387491556,1,0.0
2026-01-13,418.85,431.95,404.0,408.65,593320,419.0996111156144,413.8335969635217,1,0.0
2026-01-14,408.0,415.75,405.8,414.5,515804,418.26331818550267,413.89706391937676,1,0.0
2026-01-16,414.95,417.85,409.1,410.2,138433,416.79726033359304,413.54496259372183,1,0.0
2026-01-19,410.15,410.2,403.4,406.55,121450,414.9341220911216,412.87877568003404,1,0.0
2026-01-20,406.55,410.45,391.5,394.55,813020,411.227918074554,411.1331779962213,1,0.0
2026-01-21,389.7,405.65,389.0,399.3,425242,409.05920569736236,410.00620866324783,-1,-2.0
2026-01-22,403.6,408.75,401.9,406.75,206788,408.6393501160237,409.69609355246234,-1,0.0
2026-01-23,410.0,410.05,398.5,404.95,288929,407.96855918583753,409.244084642704,-1,0.0
2026-01-27,404.95,405.7,392.0,402.8,273159,407.02882115204886,408.63036229577983,-1,0.0
2026-01-28,402.8,412.9,401.1,410.55,251083,407.66903548804,408.813184934277,-1,0.0
2026-01-29,412.65,425.0,411.0,420.3,561456,409.9655744902145,409.9071673214887,1,2.0
2026-01-30,420.4,427.0,415.4,425.35,533979,412.762742764721,411.3779132908707,1,0.0
2026-02-01,426.95,427.05,400.8,408.75,123908,412.0331531711353,411.1276358345973,1,0.0
2026-02-02,410.9,418.7,406.05,415.55,173801,412.67257986729254,411.5488133741594,1,0.0
2026-02-03,423.25,424.0,406.75,419.5,790414,413.9139289823303,412.3060692432871,1,0.0
