Date,Open,High,Low,Close,Volume,MA_Fast,MA_Slow,Signal,Crossover
2023-05-11,21400.0,21593.95,21156.1,21236.4,18688,21236.4,21236.4,-1,
2023-05-12,21266.0,21532.0,21135.0,21229.4,15506,21235.127272727274,21235.733333333334,-1,0.0
2023-05-15,21299.0,21510.0,21180.0,21228.0,10716,21233.831404958677,21234.996825396825,-1,0.0
2023-05-16,21299.95,21346.75,21072.1,21194.2,8737,21226.62569496619,21231.11141345427,-1,0.0
2023-05-17,21202.0,21339.95,21075.0,21215.5,10602,21224.602841335975,21229.62461217291,-1,0.0
2023-05-18,21330.0,21353.95,20932.0,20970.55,7346,21178.411415638526,21204.950839585013,-1,0.0
2023-05-19,21087.5,21091.6,20605.05,20898.45,17558,21127.50934006788,21175.760283434058,-1,0.0
2023-05-22,20751.0,21538.55,20751.0,21373.1,25214,21172.162187328264,21194.554542154623,-1,0.0
2023-05-23,21438.95,21588.8,21415.2,21508.1,8569,21233.241789632215,21224.416014330374,1,2.0
2023-05-24,21508.1,21621.1,21430.0,21470.0,16138,21276.288736971812,21247.804965346528,1,0.0
2023-05-25,21580.0,21933.75,21416.45,21840.9,7369,21378.945330249662,21304.290206742095,1,0.0
2023-05-26,21940.0,21941.65,21680.0,21901.45,6057,21473.946179295177,21361.16256800475,1,0.0
2023-05-29,21970.0,21988.0,21747.0,21893.8,6045,21550.283237605145,21411.88994248049,1,0.0
2023-05-30,21950.0,22084.8,21879.35,22054.6,6888,21641.977194404208,21473.100424149015,1,0.0
2023-05-31,22025.0,22119.95,21696.2,21737.9,6644,21659.417704512533,21498.31943137292,1,0.0
2023-06-01,21857.7,21889.7,21550.0,21602.65,10678,21649.096303692073,21508.25567600407,1,0.0
2023-06-02,21602.0,21995.95,21503.0,21927.25,10784,21699.669703020787,21548.159897337016,1,0.0
2023-06-05,21950.0,21999.95,21720.45,21832.15,3841,21723.75702974428,21575.20657378111,1,0.0
2023-06-06,21800.0,21900.0,21591.05,21823.05,6250,21741.8102970635,21598.810709611484,1,0.0
2023-06-07,21900.0,21989.95,21800.25,21865.8,7574,21764.35387941559,21624.23826107706,1,0.0
2023-06-08,21940.0,21940.0,21600.0,21645.25,4828,21742.698628612754,21626.23937906972,1,0.0
2023-06-09,21700.0,21870.0,21450.1,21791.15,11353,21751.50796886498,21641.94515249165,1,0.0
2023-06-12,21791.15,22000.0,21680.1,21960.4,7816,21789.488338162253,21672.274185587685,1,0.0
2023-06-13,22000.0,22247.95,21940.05,22155.7,10928,21856.072276678206,21718.314739341236,1,0.0
2023-06-14,22333.0,22340.65,21919.55,22038.7,7374,21889.27731728217,21748.827621308737,1,0.0
2023-06-15,22160.0,22495.0,22071.4,22432.55,12198,21988.05416868541,21813.944038326954,1,0.0
2023-06-16,22432.55,22750.0,22420.0,22711.5,16868,22119.58977437897,21899.42555848629,1,0.0
2023-06-19,22712.0,23300.0,22706.3,23093.5,20737,22296.664360855517,22013.14693386855,1,0.0
2023-06-20,23093.5,23189.85,22713.1,22996.9,12863,22423.97993160906,22106.837702071545,1,0.0
2023-06-21,23090.0,23090.0,22601.0,22678.9,8024,22470.329034952865,22161.319825683782,1,0.0
2023-06-22,22612.0,22762.95,22444.0,22554.85,10211,22485.696483143252,22198.798889904374,1,0.0
2023-06-23,22670.0,22719.95,22470.05,22659.3,8049,22517.260758935387,22242.65613848491,1,0.0
2023-06-26,22600.0,22933.95,22598.8,22841.15,9642,22576.149711856222,22299.6555538673,1,0.0
2023-06-27,22806.0,23017.2,22632.05,22707.8,18854,22600.086127882365,22338.526453498984,1,0.0
2023-06-28,22710.0,23498.0,22710.0,23202.3,17998,22709.579559176476,22420.790600784796,1,0.0
2023-06-30,23150.0,23455.0,23150.0,23419.15,9015,22838.592366598932,22515.872448329104,1,0.0
2023-07-03,23500.0,23548.85,23167.55,23249.7,5169,22913.33920903549,22585.760786583476,1,0.0
2023-07-04,23229.95,23360.0,23150.0,23209.2,3896,22967.132080119944,22645.135949766005,1,0.0
2023-07-05,23151.0,23400.0,23151.0,23306.0,6095,23028.744429189042,22708.07538312162,1,0.0
2023-07-06,23306.95,23869.95,23200.0,23825.75,14956,23173.654532972854,22814.520584729085,1,0.0
2023-07-07,23815.0,23815.0,23451.05,23499.4,6240,23232.880981523245,22879.747195707267,1,0.0
2023-07-10,23500.0,23614.7,23283.75,23470.45,4870,23276.075348519018,22936.004605639908,1,0.0
2023-07-11,23550.0,23806.95,23307.45,23693.2,11542,23351.916194242833,23008.11845272182,1,0.0
2023-07-12,23661.0,23850.0,23501.6,23564.5,7679,23390.567795289593,23061.10717151022,1,0.0
2023-07-13,23600.0,23678.05,23300.0,23392.55,7927,23390.92819614603,23092.67315517591,1,0.0
2023-07-14,23394.95,23450.05,23163.05,23293.9,4693,23373.286705937662,23111.83761658773,1,0.0
2023-07-17,23350.0,23519.95,23079.05,23151.95,16350,23333.043668494447,23115.657843579378,1,0.0
2023-07-18,23250.0,23399.0,22990.6,23345.65,8260,23335.335728768187,23137.561858476583,1,0.0
2023-07-19,23341.2,23568.85,23200.0,23468.65,15305,23359.57468717397,23169.09406243119,1,0.0
2023-07-20,23588.3,23725.0,23450.2,23665.1,7312,23415.124744051427,23216.33272315203,1,0.0
2023-07-21,23400.0,23522.95,23150.0,23183.85,7258,23373.074790587532,23213.239130470884,1,0.0
2023-07-24,23219.95,23347.95,23008.45,23171.25,10909,23336.379374117074,23209.240165664134,1,0.0
2023-07-25,23250.0,23251.05,22884.7,22986.4,8996,23272.746760641243,23188.01729274374,1,0.0
2023-07-26,22986.4,23039.75,22870.0,22945.45,9666,23213.23825870647,23164.915645815767,1,0.0
2023-07-27,22945.45,23813.85,22909.95,23705.85,24755,23302.804029850748,23216.433203357123,1,0.0
2023-07-28,23800.0,24142.95,23622.0,24059.95,16562,23440.466933514246,23296.76813637073,1,0.0
2023-07-31,24150.0,24240.0,23954.05,24068.6,7074,23554.672945602564,23370.27593290685,1,0.0
2023-08-01,24094.45,24094.45,23770.0,23943.2,6810,23625.314228220283,23424.840129772863,1,0.0
2023-08-02,23999.0,24235.0,23743.2,24084.7,17029,23708.838913998414,23487.683926937352,1,0.0
2023-08-03,24204.7,24657.7,24034.6,24555.8,34082,23862.831838725975,23589.409267229035,1,0.0
2023-08-04,24649.95,24657.45,23800.0,23864.0,12946,23863.04423168489,23615.560765588176,1,0.0
2023-08-07,24000.0,24223.35,23618.1,23964.75,9545,23881.536189560364,23648.816883151205,1,0.0
2023-08-08,23900.0,24244.0,23700.9,23774.35,7620,23862.047791458477,23660.772418089186,1,0.0
2023-08-09,23890.0,24100.0,23660.0,23749.1,23572,23841.511829375115,23669.184568747358,1,0.0
2023-08-10,24349.95,24744.25,23801.0,23887.75,57565,23849.91876948873,23690.000324104753,1,0.0
2023-08-11,24248.0,24248.0,23701.0,23732.8,12075,23828.624447763505,23694.076483713823,1,0.0
2023-08-14,23700.0,23756.5,23168.6,23637.8,18629,23793.929093624683,23688.716818598223,1,0.0
2023-08-16,23650.05,23980.2,23400.0,23904.2,7441,23813.978349329285,23709.239026350773,1,0.0
2023-08-17,23893.95,23893.95,23630.0,23658.75,5845,23785.755013087593,23704.4305476507,1,0.0
2023-08-18,23670.0,23726.15,23352.1,23399.6,4753,23715.545010708032,23675.399066922062,1,0.0
2023-08-21,23481.9,23585.0,23310.0,23436.05,5014,23664.72773603384,23652.60391769139,1,0.0
2023-08-22,23436.05,23583.85,23328.7,23478.35,6529,23630.840874936777,23636.008306482687,-1,-2.0
2023-08-23,23600.0,23600.0,23071.9,23231.1,7668,23558.160715857364,23597.445610627194,-1,0.0
2023-08-24,23239.95,23444.0,23150.0,23164.65,8568,23486.61331297421,23556.226981043652,-1,0.0
2023-08-25,23096.0,23267.95,23028.1,23221.0,8733,23438.31998334253,23524.300601896637,-1,0.0
2023-08-28,23299.9,23457.95,23115.0,23388.45,6122,23429.252713643888,23511.362449335054,-1,0.0
2023-08-29,23474.9,23474.9,23215.85,23414.95,11307,23426.65222025409,23502.180311303146,-1,0.0
2023-08-30,23485.0,23485.0,23251.0,23363.65,8440,23415.19727111698,23488.986948321894,-1,0.0
2023-08-31,23363.65,23420.65,23070.85,23109.55,6976,23359.6250400048,23452.850096100763,-1,0.0
2023-09-01,23120.0,23237.55,22535.05,22704.65,18058,23240.538669094836,23381.592944091164,-1,0.0
2023-09-04,22898.6,22999.95,22320.05,22345.25,15081,23077.75891107759,23282.89361608248,-1,0.0
2023-09-05,22533.05,22899.0,22358.3,22793.25,25555,23026.03001815439,23236.260890741294,-1,0.0
2023-09-06,22900.3,23160.0,22754.2,23106.6,26456,23040.679105762683,23223.912234480216,-1,0.0
2023-09-07,23055.0,23189.9,22940.05,23029.05,12869,23038.564722896743,23205.35392643448,-1,0.0
2023-09-08,23029.95,23154.0,22800.05,23002.3,8725,23031.971136915516,23186.015457250243,-1,0.0
2023-09-11,23050.0,23135.55,22851.1,22985.1,8108,23023.449112021786,23166.880651797837,-1,0.0
2023-09-12,23029.0,23250.0,22746.3,22897.25,18817,23000.503818926914,23141.201542102805,-1,0.0
2023-09-13,22997.0,23050.0,22555.0,23004.15,15208,23001.166760940203,23128.14901428349,-1,0.0
2023-09-14,23141.35,23186.3,22860.05,22910.6,16366,22984.700077132893,23107.430060542203,-1,0.0
2023-09-15,22910.6,23645.95,22901.0,23351.15,22279,23051.327335836002,23130.64148334771,-1,0.0
2023-09-18,23351.15,23504.0,23116.05,23308.35,18594,23098.058729320364,23147.566103981262,-1,0.0
2023-09-20,23299.95,23365.05,23137.4,23191.5,4759,23115.048051262114,23151.750284554477,-1,0.0
2023-09-21,23101.0,23188.65,22800.0,22838.35,4203,23064.739314669,23121.90263840643,-1,0.0
2023-09-22,22838.35,22938.0,22359.0,22543.25,9333,22969.92307563827,23066.792863320105,-1,0.0
2023-09-25,22594.95,22735.95,22338.05,22650.65,4373,22911.87342552222,23027.160209670572,-1,0.0
2023-09-26,22740.0,23015.45,22522.0,22710.8,11513,22875.314620881814,22997.030665892424,-1,0.0
2023-09-27,22710.8,22803.35,22379.7,22743.3,9786,22851.311962539665,22972.865840569335,-1,0.0
2023-09-28,22843.0,22843.0,22000.0,22370.65,17582,22763.918878441546,22915.511950991302,-1,0.0
2023-09-29,22470.0,23245.0,22201.75,23179.45,18207,22839.46999145217,22940.648908039748,-1,0.0
2023-10-03,23244.95,23300.0,22732.0,23121.8,13820,22890.802720279047,22957.901392988344,-1,0.0
2023-10-04,23100.0,23200.0,22716.0,22815.95,4764,22877.193134773766,22944.382212703742,-1,0.0
2023-10-05,22948.0,22999.9,22750.05,22861.95,3094,22874.42165572399,22936.531525779574,-1,0.0
2023-10-06,22899.0,23118.0,22829.95,23036.4,5532,22903.87226377417,22946.042809038663,-1,0.0
2023-10-09,22970.0,23111.7,22800.0,22962.55,9485,22914.540943087955,22947.614922463556,-1,0.0
2023-10-10,22989.95,22989.95,22700.0,22748.05,6996,22884.269862526507,22928.60873937179,-1,0.0
2023-10-11,22800.0,22979.65,22380.0,22430.25,20037,22801.720796612593,22881.146002288762,-1,0.0
2023-10-12,22577.95,22577.95,22270.0,22306.8,7647,22711.735197228485,22826.446383023165,-1,0.0
2023-10-13,22200.0,22486.85,22134.9,22389.25,5334,22653.101525005124,22784.808632259053,-1,0.0
2023-10-16,22307.35,22750.0,22100.0,22476.9,16710,22621.0648840951,22755.484000615335,-1,0.0
2023-10-17,22497.05,22576.45,22368.05,22422.65,4443,22584.989450623263,22723.785524366256,-1,0.0
2023-10-18,22422.0,22600.0,22314.55,22427.95,5601,22556.436823237214,22695.61071252185,-1,0.0
2023-10-19,22444.0,22682.9,22251.0,22656.1,6679,22574.557400830447,22691.84778751977,-1,0.0
2023-10-20,22650.1,22727.0,22332.05,22640.25,9241,22586.501509770365,22686.93371251789,-1,0.0
2023-10-23,22601.0,22755.0,22404.05,22716.05,14792,22610.055780721206,22689.70669227809,-1,0.0
2023-10-25,22719.95,22899.0,22405.7,22511.35,15093,22592.10927513553,22672.72034063256,-1,0.0
2023-10-26,22480.0,22481.0,22051.0,22232.4,12651,22526.707588747253,22630.785070096128,-1,0.0
2023-10-27,22800.0,22800.0,22330.1,22670.7,6072,22552.88802715684,22634.586491991737,-1,0.0
2023-10-30,22550.05,22890.9,22400.0,22481.75,10699,22539.95384040105,22620.03063561157,-1,0.0
2023-10-31,22481.8,22616.85,22358.05,22413.65,5232,22516.989505782676,22600.375336981895,-1,0.0
2023-11-01,22420.95,22517.95,22152.05,22234.95,5098,22465.70959564037,22565.572923936,-1,0.0
2023-11-02,22348.9,22636.25,22160.0,22382.1,7027,22450.507850978483,22548.099312132574,-1,0.0
2023-11-03,22900.0,22900.0,22316.05,22796.15,10127,22513.351878073307,22571.723187167565,-1,0.0
2023-11-06,22798.0,23394.9,22710.0,23314.0,13291,22658.924263878158,22642.41621696113,1,2.0
2023-11-07,23160.05,23850.0,23156.05,23786.45,22283,22863.928943173036,22751.37181534578,1,0.0
2023-11-08,23700.0,24297.15,23650.3,24265.7,18187,23118.796408050664,22895.59354721761,1,0.0
2023-11-09,24263.0,24455.05,23800.15,23879.45,24641,23257.09706113236,22989.294161768314,1,0.0
2023-11-10,23879.45,24142.9,23505.05,23705.65,13934,23338.65214092648,23057.51852731419,1,0.0
2023-11-12,23725.0,23881.35,23725.0,23815.85,926,23425.415388030753,23129.740572331888,1,0.0
2023-11-13,23881.65,23946.95,23100.0,23152.65,18257,23375.82168111607,23131.922422585994,1,0.0
2023-11-15,23299.65,23386.6,22865.05,22926.25,17952,23294.0813754586,23112.3345728159,1,0.0
2023-11-16,22930.0,23345.45,22896.1,23293.55,23823,23293.984761738855,23129.59318492867,1,0.0
2023-11-17,23300.0,23699.0,23250.0,23625.5,25702,23354.260259604518,23176.822405411654,1,0.0
2023-11-20,23599.8,24050.05,23333.0,23975.8,17365,23467.267485130968,23252.915509658164,1,0.0
2023-11-21,24005.0,24173.2,23811.2,23950.6,7418,23555.14612419806,23319.36165159548,1,0.0
2023-11-22,23921.1,24167.45,23777.5,23904.25,5685,23618.619556162048,23375.06530382448,1,0.0
2023-11-23,23996.05,24000.0,23775.35,23886.5,2820,23667.32509140531,23423.773370126914,1,0.0
2023-11-24,23886.5,24095.0,23826.65,24045.85,6351,23736.14780205889,23483.01876344816,1,0.0
2023-11-28,24001.25,24066.7,23670.0,23697.75,4778,23729.16638350273,23503.46935740548,1,0.0
2023-11-29,23698.0,23779.75,23500.0,23537.8,5327,23694.37249559314,23506.738942414482,1,0.0
2023-11-30,23590.0,23850.0,23431.3,23805.15,7069,23714.51386003075,23535.159043136915,1,0.0
2023-12-01,23751.1,23925.9,23614.2,23679.5,6396,23708.14770366152,23548.9058009334,1,0.0
2023-12-04,23920.0,23920.0,23350.0,23398.75,18405,23651.893575723065,23534.605248463555,1,0.0
2023-12-05,23500.0,23686.95,23000.05,23110.45,32166,23553.449289227963,23494.209510514644,1,0.0
2023-12-06,23287.2,23319.0,22880.0,23078.05,18107,23467.013054822877,23454.575271418013,1,0.0
2023-12-07,23020.0,23271.75,22960.1,23073.4,22327,23395.44704485508,23418.272864616298,-1,-2.0
2023-12-08,23139.95,23150.0,22728.65,22858.0,8428,23297.72940033597,23364.913544176652,-1,0.0
2023-12-11,22984.05,23095.0,22690.05,23046.55,13002,23252.060418456702,23334.59320663602,-1,0.0
2023-12-12,23046.55,23165.9,22760.5,22825.0,12943,23174.41306964639,23286.06052028973,-1,0.0
2023-12-13,22825.0,22948.0,22722.1,22780.85,8835,23102.856147892497,23237.945232643087,-1,0.0
2023-12-14,22870.0,22906.15,22502.05,22742.0,12923,23037.24593918477,23190.712353343748,-1,0.0
2023-12-15,22742.0,22841.05,22610.0,22694.8,11975,22974.983041151172,23143.48260540625,-1,0.0
2023-12-18,22750.05,22934.9,22620.0,22780.3,20584,22939.58612457823,23108.89378584375,-1,0.0
2023-12-19,22781.0,23052.5,22752.25,22902.25,11982,22932.79773829128,23089.213425287202,-1,0.0
2023-12-20,22902.25,22959.6,22041.5,22135.15,24567,22787.770876783772,22998.350241926513,-1,0.0
2023-12-21,22143.9,22435.0,22000.0,22354.75,13841,22709.03980827763,22937.054980790654,-1,0.0
2023-12-22,22367.3,22661.0,22324.6,22604.0,12474,22689.94166131806,22905.33545881059,-1,0.0
2023-12-26,22599.95,22670.0,22239.05,22452.55,24132,22646.77954107841,22862.213034161963,-1,0.0
2023-12-27,22483.0,22692.95,22450.0,22570.1,11512,22632.83780633688,22834.392745194156,-1,0.0
2023-12-28,22620.0,22716.35,22500.0,22623.7,11577,22631.176387002903,22814.326769461382,-1,0.0
2023-12-29,22650.0,22900.0,22520.0,22851.25,19648,22671.189771184192,22817.843267607917,-1,0.0
2024-01-01,22852.0,22903.9,22720.0,22761.1,24341,22687.537085514337,22812.439146883353,-1,0.0
2024-01-02,22780.0,23456.0,22761.1,23327.25,55844,22803.848524511726,22861.468751942084,-1,0.0
2024-01-03,23450.0,23650.0,23220.2,23606.6,19924,22949.803338236867,22932.433632709504,1,2.0
2024-01-04,23675.0,23675.0,23143.55,23569.8,34327,23062.53000401198,22993.135191499077,1,0.0
2024-01-05,23569.8,24000.0,23485.2,23884.6,22754,23211.9972760098,23078.0366018325,1,0.0
2024-01-08,23800.0,24086.0,23585.0,23658.1,20750,23293.10686218983,23133.280734991313,1,0.0
2024-01-09,23738.7,24289.85,23709.05,24231.9,16783,23463.79652360986,23237.911141182616,1,0.0
2024-01-10,24300.0,24672.0,24067.5,24609.25,33691,23672.06079204443,23368.514842022367,1,0.0
2024-01-11,24609.0,25388.5,24465.1,25339.65,42601,23975.258829854534,23556.241999924998,1,0.0
2024-01-12,25338.1,25869.95,25200.0,25748.9,37367,24297.739042608257,23765.066571360712,1,0.0
2024-01-15,25700.0,26381.65,25700.0,26210.45,33616,24645.50467122494,23997.96023123112,1,0.0
2024-01-16,26220.0,26305.9,25601.0,25806.5,51548,24856.59473100222,24170.202113971016,1,0.0
2024-01-17,25600.0,26139.95,25546.15,25730.7,15925,25015.52296172909,24318.82096025949,1,0.0
2024-01-18,25749.95,25875.0,25301.0,25737.5,14103,25146.791514141983,24453.93324975859,1,0.0
2024-01-19,25736.95,25989.9,25690.05,25867.0,9675,25277.73851157071,24588.511035495867,1,0.0
2024-01-20,25899.95,25949.9,24832.05,25204.55,22332,25264.431509466944,24647.18141306769,1,0.0
2024-01-23,25205.05,25780.0,25205.05,25481.4,15952,25303.880325927497,24726.63080229934,1,0.0
2024-01-24,25500.0,25717.9,25240.0,25598.6,12433,25357.465721213404,24809.67548779464,1,0.0
2024-01-25,25598.6,25746.4,24868.7,25060.75,27325,25303.51740826551,24833.587346099914,1,0.0
2024-01-29,25060.75,25809.25,25020.35,25568.05,32932,25351.614243126325,24903.536170280873,1,0.0
2024-01-30,25602.0,25773.7,25351.05,25508.65,13033,25380.166198921535,24961.166058825555,1,0.0
2024-01-31,25544.85,26249.95,25522.5,25906.95,23752,25475.94507184489,25051.240719889785,1,0.0
2024-02-01,26175.0,26332.35,25701.1,25887.0,9535,25550.68233150945,25130.836841805045,1,0.0
2024-02-02,26410.0,28280.2,26410.0,28064.3,103081,26007.703725780462,25410.21428544266,1,0.0
2024-02-05,28174.0,28325.0,27701.4,28069.5,30098,26382.57577563856,25663.479591590978,1,0.0
2024-02-06,28069.55,28454.6,27881.8,28319.0,13959,26734.652907340642,25916.386297153742,1,0.0
2024-02-07,28319.0,28801.0,28203.1,28727.4,15152,27096.970560551432,26184.101887901004,1,0.0
2024-02-08,28727.4,28847.85,28125.05,28258.3,16917,27308.121367723896,26381.644565243765,1,0.0
2024-02-09,28400.0,28448.85,28020.65,28083.7,13645,27449.13566450137,26543.745082839596,1,0.0
2024-02-12,28083.75,28696.65,27831.05,28477.8,31271,27636.16554368294,26727.940789235825,1,0.0
2024-02-13,28530.45,28994.0,28437.45,28884.9,12964,27863.20817210422,26933.36547597527,1,0.0
2024-02-14,28887.95,29465.1,28551.6,29367.55,12941,28136.724868085268,27165.192573501437,1,0.0
2024-02-15,29367.55,29400.0,29009.85,29183.95,9518,28327.12943752431,27357.455185548923,1,0.0
2024-02-16,29184.0,29638.95,29183.95,29538.6,7903,28547.396812519888,27565.183263115694,1,0.0
2024-02-19,29538.6,29629.8,29271.1,29526.7,12349,28725.45193751627,27751.9943809142,1,0.0
2024-02-20,29487.8,29519.0,29070.0,29191.05,7538,28810.10613069513,27889.04729701761,1,0.0
2024-02-21,29245.0,29348.1,28999.95,29131.35,7813,28868.51410693238,28007.361840158792,1,0.0
2024-02-22,29131.35,29334.6,28712.2,28855.8,13290,28866.20245112649,28088.165474429385,1,0.0
2024-02-23,28855.8,28989.15,28557.0,28707.8,8697,28837.402005467127,28147.17828638849,1,0.0
2024-02-26,28600.0,28815.25,27618.1,28458.6,48847,28768.528913564012,28176.837497208635,1,0.0
2024-02-27,28480.0,28792.0,28480.0,28670.35,6347,28750.67820200692,28223.83868795067,1,0.0
2024-02-28,28650.75,29041.0,28464.9,28610.0,15458,28725.100347096566,28260.61595576489,1,0.0
2024-02-29,28610.0,28699.15,28100.0,28434.2,15096,28672.20937489719,28277.147769501567,1,0.0
2024-03-01,28569.0,28648.85,28166.0,28216.65,9277,28589.38039764315,28271.386077168085,1,0.0
2024-03-02,28280.0,28493.15,27830.25,28181.95,2483,28515.302143526213,28262.868355533028,1,0.0
2024-03-04,28172.05,28317.65,27507.0,27606.0,14704,28349.9744810669,28200.309464529884,1,0.0
2024-03-05,27749.95,27749.95,27270.05,27370.45,6108,28171.879120872916,28121.275229812753,1,0.0
2024-03-06,27255.0,27519.95,27010.0,27321.5,9022,28017.264735259658,28045.106160306776,-1,-2.0
2024-03-07,27321.5,27768.2,27313.65,27434.95,4563,27911.38932884881,27986.996049801368,-1,0.0
2024-03-11,27699.95,27699.95,26861.45,27229.55,18245,27787.418541785388,27914.858330772666,-1,0.0
2024-03-12,27000.0,27400.0,26929.3,26993.7,7102,27643.106079642588,27827.128965937172,-1,0.0
2024-03-13,27000.0,27527.4,26829.0,27401.95,12992,27599.25951970757,27786.635731086015,-1,0.0
2024-03-14,27666.0,28599.7,27250.0,28308.1,31673,27728.139607033467,27836.29899479211,-1,0.0
2024-03-15,28308.1,28583.5,28071.85,28404.35,14070,27851.0869512092,27890.399090526196,-1,0.0
2024-03-18,28750.0,28750.0,27832.05,28604.15,19878,27988.0075055348,27958.37536761894,1,2.0
2024-03-19,28800.0,28800.0,28203.4,28291.5,9557,28043.187959073926,27990.101523083806,1,0.0
2024-03-20,28200.05,28278.75,27603.0,27688.8,11001,27978.753784696848,27961.406139932966,1,0.0
2024-03-21,27900.0,27997.45,27501.0,27673.25,9629,27923.207642024692,27933.96269803459,-1,-2.0
2024-03-22,27810.25,27983.65,26820.05,27067.1,21967,27767.55170711111,27851.40434584082,-1,0.0
2024-03-26,27199.0,27199.0,26550.65,26701.05,14019,27573.64230581818,27741.846789094077,-1,0.0
2024-03-27,26900.0,26916.4,26426.3,26711.05,17617,27416.807341123964,27643.675666323215,-1,0.0
2024-03-28,26858.4,27229.9,26715.0,27120.8,33995,27362.98782455597,27593.877983816245,-1,0.0
2024-04-01,27275.0,27578.85,27100.0,27521.3,12958,27391.77185645488,27586.965794881362,-1,0.0
2024-04-02,27639.0,27700.0,27250.0,27282.9,8694,27371.976973463083,27558.007147749806,-1,0.0
2024-04-03,27312.55,27379.25,26685.45,26714.45,17085,27252.42661465161,27477.668371773634,-1,0.0
2024-04-04,26799.9,26877.8,26428.25,26606.4,12556,27134.967230169495,27394.69043160472,-1,0.0
2024-04-05,26699.95,26893.1,26570.0,26636.9,8001,27044.40955195686,27322.51991430903,-1,0.0
2024-04-08,26783.8,26832.25,26356.6,26400.4,15077,26927.31690614652,27234.69897008912,-1,0.0
2024-04-09,26405.0,26694.85,26262.0,26420.5,29893,26835.16837775624,27157.156211033016,-1,0.0
2024-04-10,26421.0,27238.9,26421.0,27021.8,16752,26869.101399982377,27144.265143315584,-1,0.0
2024-04-12,26950.0,27275.0,26401.0,26444.65,12842,26791.928418167397,27077.63512966648,-1,0.0
2024-04-15,26444.65,26499.95,26107.55,26219.75,22533,26687.895978500597,26995.931783983957,-1,0.0
2024-04-16,26240.0,26484.5,26057.15,26144.75,12154,26589.14216422776,26914.86685217596,-1,0.0
2024-04-18,26224.0,26416.7,25986.0,26065.2,9484,26493.879952549985,26833.946199587775,-1,0.0
2024-04-19,25990.0,26290.3,25705.25,26128.0,19821,26427.356324813623,26766.713228198467,-1,0.0
2024-04-22,26249.9,26578.8,26082.8,26316.0,12690,26407.109720302054,26723.788158846233,-1,0.0
2024-04-23,26250.0,26250.0,25664.05,25725.1,34185,26283.107952974406,26628.675000860876,-1,0.0
2024-04-24,25849.95,25867.85,25355.55,25452.55,16823,26132.097416069966,26516.663096016982,-1,0.0
2024-04-25,25549.95,25745.25,25200.0,25674.45,23811,26048.888794966333,26436.452324967748,-1,0.0
2024-04-26,25825.4,25991.95,25675.05,25895.0,7664,26020.909014063363,26384.885436875582,-1,0.0
2024-04-29,26039.95,26506.95,25808.4,26289.6,15391,26069.761920597295,26375.81063336362,-1,0.0
2024-04-30,26369.25,26645.25,26148.75,26446.05,14089,26138.17793503415,26382.5000968528,-1,0.0
2024-05-02,26499.95,26766.0,26255.0,26643.35,8210,26230.027401391577,26407.342944771583,-1,0.0
2024-05-03,26790.3,26849.95,26056.15,26146.6,15129,26214.858782956744,26382.51028336476,-1,0.0
2024-05-06,26120.05,26300.0,25620.15,25773.05,10562,26134.529913328242,26324.466446853832,-1,0.0
2024-05-07,25937.95,25937.95,25408.65,25734.95,8782,26061.87901999583,26268.322023343946,-1,0.0
2024-05-08,25800.0,25969.0,25514.5,25936.9,6455,26039.15556181477,26236.758021120713,-1,0.0
2024-05-09,26065.0,26099.75,25451.15,25562.4,10283,25952.4727323939,26172.533447680646,-1,0.0
2024-05-10,25800.0,26800.0,25796.8,26370.5,50453,26028.477690140462,26191.387405044396,-1,0.0
2024-05-13,26570.0,27118.95,26051.75,27079.7,17401,26219.60901920583,26275.988604563976,-1,0.0
2024-05-14,27100.0,27216.5,26750.0,26778.4,8340,26321.20737935022,26323.837308891216,-1,0.0
2024-05-15,26862.55,26862.55,26337.5,26410.95,6434,26337.52421946836,26332.13375566348,1,2.0
2024-05-16,26600.0,26663.9,26180.05,26542.55,10430,26374.801634110474,26352.17339798124,1,0.0
2024-05-17,26600.0,26642.7,26288.05,26491.45,5257,26396.010427908568,26365.437836268742,1,0.0
2024-05-18,26700.0,26748.0,26500.0,26656.9,1123,26443.444895561555,26393.19613757648,1,0.0
2024-05-21,26650.0,26755.0,26341.25,26438.75,7268,26442.591278186726,26397.534600664436,1,0.0
2024-05-22,26438.75,26465.15,26132.0,26196.2,8311,26397.792863970957,26378.359876791634,1,0.0
2024-05-23,26254.8,26278.55,25718.0,26109.6,11152,26345.39416143078,26352.763698049574,-1,-2.0
2024-05-24,26161.5,26347.2,26000.0,26192.05,8677,26317.513404807003,26337.45763156866,-1,0.0
2024-05-27,26480.0,26555.0,26055.0,26244.15,10065,26304.174603933003,26328.571190466886,-1,0.0
2024-05-28,26246.7,26323.65,25840.1,25932.5,6200,26236.59740321791,26290.850124708137,-1,0.0
2024-05-29,25932.5,26373.0,25717.9,26169.05,14961,26224.31605717829,26279.25011283117,-1,0.0
2024-05-30,26200.05,26251.0,25802.25,25991.0,13396,26181.894955873144,26251.797721132963,-1,0.0
2024-05-31,26000.05,26038.2,25751.0,25887.75,14492,26128.414054805296,26217.12650959649,-1,0.0
2024-06-03,26000.0,26300.0,25801.35,25941.65,16412,26094.456953931607,26190.89065153968,-1,0.0
2024-06-04,25950.0,26360.0,25588.55,26292.25,31555,26130.41932594404,26200.543922821616,-1,0.0
2024-06-05,26360.0,27999.9,26297.35,27473.15,31202,26374.552175772395,26321.74450160051,1,2.0
2024-06-06,27500.0,27686.6,26882.0,26998.8,15980,26488.05178017741,26386.225977638558,1,0.0
2024-06-07,27083.65,27615.45,27050.0,27494.8,21939,26671.096911054246,26491.804455958696,1,0.0
2024-06-10,27554.8,28029.9,27500.05,27936.05,23001,26901.088381771653,26629.351650629294,1,0.0
2024-06-11,27936.1,28341.0,27797.0,27979.6,21694,27097.181403267714,26757.946731521744,1,0.0
2024-06-12,28102.05,28450.0,27475.0,27559.8,18728,27181.293875400854,26834.313709472055,1,0.0
2024-06-13,27682.9,27712.5,27503.55,27616.7,5056,27260.45862532797,26908.82668952234,1,0.0
2024-06-14,27700.0,27777.95,27320.45,27464.9,10397,27297.629784359247,26961.786052424974,1,0.0
2024-06-18,27350.0,27454.75,27115.65,27198.05,8759,27279.5243690212,26984.28738076545,1,0.0
2024-06-19,27274.95,27274.95,26850.0,26909.8,10863,27212.30175647189,26977.193344502073,1,0.0
2024-06-20,26909.75,26950.0,26774.5,26905.35,6370,27156.49234620427,26970.35112121616,1,0.0
2024-06-21,26999.0,27437.5,26780.0,26850.8,17463,27100.911919621678,26958.965300147956,1,0.0
2024-06-24,26750.0,26879.95,26601.0,26834.45,8029,27052.46429787228,26947.106700133867,1,0.0
2024-06-25,26950.0,27011.65,26626.45,26855.6,26356,27016.670789168227,26938.391776311597,1,0.0
2024-06-26,26855.65,27775.5,26855.65,27639.55,27461,27129.921554774002,27005.168749996206,1,0.0
2024-06-27,27720.95,27866.0,27220.1,27377.45,39732,27174.92672663327,27040.624107139425,1,0.0
2024-06-28,27378.05,27948.95,27378.05,27624.1,11850,27256.59459451813,27096.19323979281,1,0.0
2024-07-01,27782.1,27782.15,27529.55,27624.85,6103,27323.55012278756,27146.541502669686,1,0.0
2024-07-02,27817.25,28099.0,27561.95,27614.9,19615,27376.522827735273,27191.147073844004,1,0.0
2024-07-03,27700.0,27839.35,27479.4,27598.15,5417,27416.81867723795,27229.909257287432,1,0.0
2024-07-04,27800.0,28127.95,27549.3,27902.35,10482,27505.09709955832,27293.951232783867,1,0.0
2024-07-05,27986.9,27997.15,27706.05,27823.45,8337,27562.979445093166,27344.379686804452,1,0.0
2024-07-08,28099.5,28099.5,27579.1,27921.7,6982,27628.201364167136,27399.362573775456,1,0.0
2024-07-09,27860.6,28449.9,27860.6,28336.85,13849,27757.0465706822,27488.647090558745,1,0.0
2024-07-10,28449.0,28545.9,27860.2,28082.05,6942,27816.138103285433,27545.161653362673,1,0.0
2024-07-11,28170.2,28199.95,27784.95,27832.2,5166,27819.058448142627,27572.498638756704,1,0.0
2024-07-12,27800.05,27899.8,27342.5,27472.7,40052,27756.084184843967,27562.994006494162,1,0.0
2024-07-15,27900.0,28750.0,27616.0,28596.8,30368,27908.941605781427,27661.451720161385,1,0.0
2024-07-16,28596.8,28775.8,28374.7,28589.1,12443,28032.60676836662,27749.79917538411,1,0.0
2024-07-18,28739.95,28924.0,28600.0,28795.65,11877,28171.341901390868,27849.40401582372,1,0.0
2024-07-19,28356.6,28400.0,27221.0,27404.15,16887,28031.852464774343,27806.998871459557,1,0.0
2024-07-22,27399.95,28050.0,27119.6,27945.05,20873,28016.070198451733,27820.14659798722,1,0.0
2024-07-23,27304.5,28050.0,27126.35,27728.8,8840,27963.83925327869,27811.446921988434,1,0.0
2024-07-24,27800.0,27890.9,27554.0,27701.1,6345,27916.06847995529,27800.93769132287,1,0.0
2024-07-25,27701.1,28199.9,27428.4,28012.5,7455,27933.601483599785,27821.08648262545,1,0.0
2024-07-26,28352.3,28949.65,28110.1,28584.6,16474,28051.964850218006,27893.80205570874,1,0.0
2024-07-29,28649.95,28698.8,27830.0,28073.05,11317,28055.79851381473,27910.873288498384,1,0.0
2024-07-30,28148.95,28300.0,27936.2,28169.55,17382,28076.48060221205,27935.50916578425,1,0.0
2024-07-31,28253.8,28781.9,28212.0,28385.1,14155,28132.593219991675,27978.327340471464,1,0.0
2024-08-01,28400.0,28618.8,28283.7,28387.4,4779,28178.921725447733,28017.28664137894,1,0.0
2024-08-02,28387.0,28702.95,27940.0,28227.7,7719,28187.79050263905,28037.32600886666,1,0.0
2024-08-05,27950.05,28534.05,27800.0,27993.8,12017,28152.519502159223,28033.180674688883,1,0.0
2024-08-06,28000.0,28551.0,27699.0,27809.75,9090,28090.197774493907,28011.90156281375,1,0.0
2024-08-07,28044.4,28449.0,27939.8,28136.85,16507,28098.679997313193,28023.801413974346,1,0.0
2024-08-08,28300.0,29501.0,27104.1,27219.7,84434,27938.865452347156,27947.220326929168,-1,-2.0
2024-08-09,27300.0,27738.15,27132.05,27228.9,26269,27809.78082464767,27878.80886722163,-1,0.0
2024-08-12,27150.0,27327.95,26770.0,26980.65,21053,27659.02976562082,27793.269927486235,-1,0.0
2024-08-13,27050.0,27444.2,26918.85,27309.85,17460,27595.542535507942,27747.229934392308,-1,0.0
2024-08-14,27385.95,27444.0,26970.0,27053.95,8129,27497.07116541559,27681.20327397399,-1,0.0
2024-08-16,27203.75,28014.8,27110.5,27929.9,22838,27575.767317158206,27704.888676452658,-1,0.0
2024-08-19,27949.95,28269.95,27644.0,28098.6,12331,27670.82780494762,27742.384992980977,-1,0.0
2024-08-20,28250.0,28250.0,27659.15,27818.4,7954,27697.659113138958,27749.62451745898,-1,0.0
2024-08-21,27981.6,28666.15,27706.95,28525.4,16987,27848.1574562046,27823.5078967486,1,2.0
2024-08-22,28525.4,29947.25,28501.9,29156.6,60209,28086.056100531037,27950.46904943921,1,0.0
2024-08-23,29156.6,29287.3,28650.0,29065.85,26875,28264.20044588903,28056.695806635475,1,0.0
2024-08-26,29000.0,29075.0,28632.55,29013.15,11584,28400.373092091024,28147.786682194,1,0.0
2024-08-27,28900.0,29801.1,28900.0,29737.5,27846,28643.4870753472,28299.18795055648,1,0.0
2024-08-28,29735.0,30145.5,29630.0,29955.25,33538,28881.98942528407,28456.908145741574,1,0.0
2024-08-29,29955.0,30151.1,29817.95,29983.7,16866,29082.300438868784,28602.316893766187,1,0.0
2024-08-30,30000.0,30521.0,29902.0,30195.85,18487,29284.763995438094,28754.08195150274,1,0.0
2024-09-02,30300.0,30325.0,29700.6,29979.0,12025,29410.988723540257,28870.740813264383,1,0.0
2024-09-03,30151.15,30380.9,29651.0,29690.45,10509,29461.799864714754,28948.808354858254,1,0.0
2024-09-04,29690.45,29833.95,29536.65,29735.45,5342,29511.554434766615,29023.726606776516,1,0.0
2024-09-05,29939.0,30000.0,29616.65,29664.1,4071,29539.289992081773,29084.714548988275,1,0.0
2024-09-06,29725.0,30000.0,29594.75,29895.75,8864,29604.100902612357,29161.9560205132,1,0.0
2024-09-09,29895.75,30000.0,29600.1,29899.2,6438,29657.755283955565,29232.169732845276,1,0.0
2024-09-10,30267.2,30267.2,29702.15,29798.1,19074,29683.272505054552,29286.067853526678,1,0.0
2024-09-11,29798.1,30071.9,29453.4,29532.8,9495,29655.913867771902,29309.566153190804,1,0.0
2024-09-12,29703.25,29877.85,29389.55,29690.65,13721,29662.22952817701,29345.85985288692,1,0.0
2024-09-13,29690.65,29811.2,29507.0,29559.0,4204,29643.460523053916,29366.158914516738,1,0.0
2024-09-16,29721.0,29770.1,29096.05,29141.85,6235,29552.258609771383,29344.79616075324,1,0.0
2024-09-17,29141.85,29390.0,28814.8,28860.75,6373,29426.529771631132,29298.69652639579,1,0.0
2024-09-18,28999.95,28999.95,27502.75,27783.05,34796,29127.7152676982,29154.34923816762,-1,-2.0
2024-09-19,28050.0,28174.0,27582.55,27971.6,34887,28917.51249175307,29041.706453580227,-1,0.0
2024-09-20,28200.0,28247.55,27760.0,28207.9,10431,28788.492038707056,28962.296315144016,-1,0.0
2024-09-23,28364.05,28479.0,28225.4,28332.65,8269,28705.611668033045,28902.329999416015,-1,0.0
2024-09-24,28400.0,28519.95,28125.1,28255.7,7831,28623.80954657249,28840.746189947822,-1,0.0
2024-09-25,28274.0,28686.35,28157.8,28616.55,14877,28622.489629013853,28819.39417185755,-1,0.0
2024-09-26,28800.0,29299.0,28616.55,29184.7,20455,28724.709696465878,28854.185203109213,-1,0.0
2024-09-27,29184.7,29499.95,29092.7,29271.65,8957,28824.153388017538,28893.94375519405,-1,0.0
2024-09-30,29450.0,29486.4,29081.65,29165.5,5980,28886.216408377986,28919.80625469938,-1,0.0
2024-10-01,29050.0,29256.65,28884.25,29016.15,5340,28909.840697763808,28928.981849489915,-1,0.0
2024-10-03,28950.0,29060.0,28230.0,28267.05,9326,28792.969661806754,28865.940720967064,-1,0.0
2024-10-04,28260.0,28586.9,27970.1,28104.55,10751,28667.80245056916,28793.4273189702,-1,0.0
2024-10-07,28105.0,28266.4,27800.0,28034.75,8513,28552.702005011128,28721.172336211133,-1,0.0
2024-10-08,28034.75,28639.75,27958.75,28551.25,13879,28552.43800410001,28704.98925657198,-1,0.0
2024-10-09,28944.0,28944.0,28545.05,28640.85,7937,28568.51291244546,28698.880755946077,-1,0.0
2024-10-10,28691.0,28800.0,28340.0,28392.4,6927,28536.492382909924,28669.69211252264,-1,0.0
2024-10-11,28392.4,28943.95,28340.6,28808.25,7136,28585.90285874448,28682.888101806195,-1,0.0
2024-10-14,28810.3,29149.9,28645.1,28832.1,12958,28630.665975336393,28697.098758777036,-1,0.0
2024-10-15,28991.35,29300.0,28876.35,29020.4,9594,28701.52670709341,28727.88935317922,-1,0.0
2024-10-16,29180.8,29356.85,28773.8,28946.6,14556,28746.085487621876,28748.718938590722,-1,0.0
2024-10-17,28903.6,28928.0,28261.1,28371.7,12015,28678.01539896335,28712.812373010653,-1,0.0
2024-10-18,28347.95,29300.0,28290.0,29209.55,17456,28774.658053697283,28760.120718438207,1,2.0
2024-10-21,29250.0,29525.0,29014.1,29174.6,7010,28847.374771206865,28799.594935729805,1,0.0
2024-10-22,29220.0,29378.1,28945.05,29028.1,8645,28880.233903714707,28821.357322803156,1,0.0
2024-10-23,29000.0,29230.0,28411.7,28455.15,9208,28802.945921221122,28786.480434917143,1,0.0
2024-10-24,28647.9,28839.35,28350.0,28625.85,11040,28770.74666281728,28771.182298258365,-1,-2.0
2024-10-25,28724.0,28848.0,28405.3,28509.1,6710,28723.174542305045,28746.222079376617,-1,0.0
2024-10-28,28000.0,28747.95,28000.0,28433.45,8829,28670.497352795035,28716.434262293133,-1,0.0
2024-10-29,28400.0,28533.9,27423.4,28473.05,9711,28634.59783410503,28693.254808741407,-1,0.0
2024-10-30,28400.0,28679.95,28224.05,28406.9,3118,28593.19822790411,28665.98292219461,-1,0.0
2024-10-31,28406.95,29215.4,28259.65,28978.7,7230,28663.28945919427,28695.765501033216,-1,0.0
2024-11-01,29119.95,29500.0,29119.0,29295.5,1260,28778.236830249858,28752.883072363387,1,2.0
2024-11-04,29150.0,29680.0,29123.25,29460.45,23566,28902.275588386245,28820.27039880497,1,0.0
2024-11-05,29460.45,29809.2,29040.75,29329.2,9203,28979.898208679653,28868.73988463307,1,0.0
2024-11-06,29329.2,29445.65,28625.05,29145.05,10798,29009.925807101536,28895.055133715636,1,0.0
2024-11-07,29185.2,29500.0,28020.0,28314.0,31203,28883.39384217398,28839.716549552242,1,0.0
2024-11-08,28314.0,28909.0,28044.5,28553.05,15470,28823.33132541507,28812.414973404408,1,0.0
2024-11-11,28600.0,28807.95,28356.05,28724.3,7021,28805.325629885054,28804.02307117542,1,0.0
2024-11-12,28799.0,29119.0,28501.0,28597.85,5663,28767.602788087766,28784.387540587282,-1,-2.0
2024-11-13,28505.0,28593.5,27550.0,27629.8,7236,28560.729553889993,28674.426822436115,-1,0.0
2024-11-14,27750.0,27903.95,27200.05,27351.2,7905,28340.815089546355,28548.40522029934,-1,0.0
2024-11-18,27445.1,27475.0,27051.0,27187.4,4672,28131.103255083377,28418.785675508927,-1,0.0
2024-11-19,27337.7,27506.85,27111.0,27224.35,10942,27966.239026886396,28305.029896889027,-1,0.0
2024-11-21,27266.0,27297.0,26912.1,27114.7,7808,27811.413749270687,28191.665144804356,-1,0.0
2024-11-22,27150.0,27765.9,27114.7,27718.5,6113,27794.520340312378,28146.60179768013,-1,0.0
2024-11-25,27899.0,27978.7,27640.0,27758.2,4573,27787.91664207376,28109.61115028202,-1,0.0
2024-11-26,27792.0,27861.65,27356.05,27503.75,5644,27736.24997987853,28051.9100883504,-1,0.0
2024-11-27,27503.75,27653.15,27170.0,27496.2,8046,27692.60452899152,27998.985318031315,-1,0.0
2024-11-28,27604.05,27663.05,27248.05,27378.3,13006,27635.45825099306,27939.87243059976,-1,0.0
2024-11-29,27378.3,27926.3,27378.3,27723.4,11597,27651.44765990341,27919.256008637876,-1,0.0
2024-12-02,27800.0,28193.85,27800.0,28053.1,7460,27724.475358102787,27932.00305543427,-1,0.0
2024-12-03,28098.8,28495.1,27970.0,28441.05,13979,27854.761656629555,27980.483716821484,-1,0.0
2024-12-04,28572.0,28950.0,28357.0,28850.0,5870,28035.714082696904,28063.294791409913,-1,0.0
2024-12-05,28709.0,29150.1,28505.05,29040.0,12269,28218.311522206557,28156.31433508516,1,2.0
2024-12-06,29135.0,29299.4,29000.0,29035.25,5016,28366.845790896274,28240.022493648477,1,0.0
2024-12-09,29035.25,29300.0,28888.05,29111.3,3243,28502.201101642408,28323.001303777193,1,0.0
2024-12-10,29111.3,29251.0,28944.05,28994.25,4616,28591.664537707424,28386.929751036507,1,0.0
2024-12-11,29199.95,29296.65,28804.25,28872.3,3263,28642.68916721516,28433.15548903303,1,0.0
2024-12-12,28865.0,28951.25,28573.75,28748.3,3076,28661.891136812403,28463.169251982265,1,0.0
2024-12-13,28505.0,28911.95,28341.25,28648.75,7850,28659.501839210145,28480.843608936335,1,0.0
2024-12-16,28790.0,28790.0,28190.1,28251.25,5693,28585.274232081025,28458.977550942396,1,0.0
2024-12-17,28250.0,28368.5,27950.0,27995.45,11470,28478.033462611744,28414.832069900265,1,0.0
2024-12-18,27900.0,28490.0,27893.75,28109.6,5681,28411.0455603187,28385.76234895738,1,0.0
2024-12-19,28088.0,29243.95,27940.05,29053.85,20491,28527.919094806206,28449.389744294775,1,0.0
2024-12-20,28927.0,29218.6,28501.0,28655.35,14576,28551.088350295984,28469.00500674289,1,0.0
2024-12-23,28603.0,28864.3,28362.1,28559.15,7166,28552.55410478762,28477.590244195948,1,0.0
2024-12-24,28581.0,28647.9,28096.0,28513.3,5768,28545.41699482623,28480.991173320144,1,0.0
2024-12-26,28516.0,28855.85,28201.25,28597.0,13901,28554.795723039642,28492.03963300394,1,0.0
2024-12-27,28690.0,29658.85,28590.0,29263.5,31508,28683.65104612334,28565.512048908327,1,0.0
2024-12-30,29150.0,30035.15,29148.0,29803.25,25920,28887.214492282732,28683.391853774203,1,0.0
2024-12-31,29803.25,30089.85,29656.85,29741.0,10979,29042.4482209586,28784.11643912904,1,0.0
2025-01-01,29830.2,30080.0,29610.05,30020.05,5346,29220.193998966126,28901.824397307228,1,0.0
2025-01-02,30020.0,30186.05,29770.0,29957.25,6136,29354.204180972283,29002.341121373203,1,0.0
2025-01-03,30049.0,30122.35,29352.1,29490.2,6842,29378.930693522776,29048.80387171861,1,0.0
2025-01-06,29390.2,29989.95,29311.8,29950.6,12181,29482.870567427726,29134.68921726922,1,0.0
2025-01-07,30000.0,30668.0,29905.05,29959.65,19691,29569.55773698632,29213.256910862627,1,0.0
2025-01-08,30001.05,30200.0,29461.5,29608.25,9626,29576.592693897896,29250.87530030428,1,0.0
2025-01-09,29500.0,29930.0,29449.95,29753.85,7682,29608.82129500737,29298.777652656256,1,0.0
2025-01-10,29748.0,29821.95,28720.2,28772.8,7476,29456.817423187847,29248.68454287947,1,0.0
2025-01-13,28613.0,28656.25,28242.1,28555.8,8154,29292.99607351733,29182.69553879571,1,0.0
2025-01-14,28555.8,28700.1,28170.75,28235.55,10667,29100.73315105963,29092.491201767545,1,0.0
2025-01-15,28370.0,28464.05,27700.0,27745.7,11977,28854.363487230607,28964.22537302778,-1,-2.0
2025-01-16,27745.7,27950.0,27102.45,27298.1,12359,28571.40648955231,28805.54676607275,-1,0.0
2025-01-17,27440.0,28103.9,27298.1,27929.7,15194,28454.732582360983,28722.132788351537,-1,0.0
2025-01-20,27929.7,28113.0,27421.1,27682.1,8618,28314.25393102262,28623.08204660377,-1,0.0
2025-01-21,27750.0,28140.1,27593.15,27631.4,9128,28190.09867083669,28528.63613740341,-1,0.0
2025-01-22,27670.0,27850.0,27424.05,27774.45,6685,28114.52618523002,28456.808886222134,-1,0.0
2025-01-23,27800.0,27913.95,27526.6,27849.8,4584,28066.39415155183,28398.998516105738,-1,0.0
2025-01-24,27911.0,27959.85,27222.0,27282.35,5536,27923.840669451496,28292.65103838138,-1,0.0
2025-01-27,27051.1,27357.5,26473.0,26518.15,9110,27668.26054773304,28123.650939487914,-1,0.0
2025-01-28,26518.1,26629.1,25470.2,25698.05,20087,27310.040448145213,27892.641326203353,-1,0.0
2025-01-29,25355.0,25878.0,25325.0,25501.85,27004,26981.278548482445,27664.946914183987,-1,0.0
2025-01-30,25654.65,26200.0,25554.65,26129.4,7557,26826.391539667453,27518.70435092837,-1,0.0
2025-01-31,25937.5,26342.95,25937.5,26173.3,6906,26707.64762336428,27390.570603220905,-1,0.0
2025-02-01,26249.95,26324.95,25743.0,25887.95,19334,26558.6116918435,27247.463879104627,-1,0.0
2025-02-03,25892.1,26051.95,25760.05,25977.6,8122,26452.973202417408,27126.524462047044,-1,0.0
2025-02-04,25999.9,26298.9,25952.05,26123.3,9729,26393.032620159698,27030.979275185422,-1,0.0
2025-02-05,26300.0,27915.0,26026.05,27802.1,48840,26649.22668922157,27104.41934421538,-1,0.0
2025-02-06,27998.8,29439.95,27926.95,29081.1,93624,27091.385472999464,27292.674644766295,-1,0.0
2025-02-07,28980.0,29861.9,28979.95,29799.6,32928,27583.788114272284,27531.429440502838,1,2.0
2025-02-10,29106.0,29850.0,29106.0,29683.4,11735,27965.53572985914,27736.379017597807,1,0.0
2025-02-11,29683.4,29700.0,29019.05,29128.9,8385,28177.056506248387,27869.000063540872,1,0.0
2025-02-12,28990.0,29300.95,28251.0,28780.0,12096,28286.682596021405,27955.761962251265,1,0.0
2025-02-13,28500.05,29338.7,28272.35,28359.05,8028,28299.840305835693,27994.17034679876,1,0.0
2025-02-14,28500.8,28652.7,27580.85,27839.75,15905,28216.187522956476,27979.463647103643,1,0.0
2025-02-17,27921.85,28649.95,27549.9,28569.5,13719,28280.426155146204,28035.657585474724,1,0.0
2025-02-18,28300.0,29484.1,28300.0,29325.5,24856,28470.439581483257,28158.49972019142,1,0.0
2025-02-19,28660.0,29823.95,28649.2,29721.15,21240,28697.84147575903,28307.323556363663,1,0.0
2025-02-20,29500.0,29806.65,29333.95,29429.65,5736,28830.89757107557,28414.211789090932,1,0.0
2025-02-21,29429.65,29576.75,28725.0,28941.95,18419,28851.0889217891,28464.472571082275,1,0.0
2025-02-24,28750.0,29850.0,28538.5,29813.5,35520,29026.072754191082,28592.951373836346,1,0.0
2025-02-25,29500.05,30571.15,29500.05,30195.5,43438,29238.6958897927,28745.575052518598,1,0.0
2025-02-27,30000.0,30444.0,29400.0,29963.75,33985,29370.523909830386,28861.591714183494,1,0.0
2025-02-28,29600.0,30650.0,29115.0,30395.65,17580,29556.910471679406,29007.692503308874,1,0.0
2025-03-03,30610.2,31567.0,29726.25,31183.55,30976,29852.66311319224,29214.917026803265,1,0.0
2025-03-04,31351.0,31750.0,30572.6,31539.9,25847,30159.433456248196,29436.343976631524,1,0.0
2025-03-05,31539.9,31898.95,30854.45,31448.1,20717,30393.73646420307,29627.939788380903,1,0.0
2025-03-06,31500.0,31573.25,30659.3,30983.15,15991,30500.90256162069,29757.00742758272,1,0.0
2025-03-07,30990.0,31597.8,30630.65,30768.3,12123,30549.52027768965,29853.321005908176,1,0.0
2025-03-10,30768.3,31099.95,30125.0,30629.6,11926,30564.080227200622,29927.252338678823,1,0.0
2025-03-11,30620.1,31103.8,30394.3,30496.5,9378,30551.792913164143,29981.466401661793,1,0.0
2025-03-12,30520.0,30679.95,29555.55,29795.85,11266,30414.348747134296,29963.788649122576,1,0.0
2025-03-13,29800.0,30112.8,29556.55,29597.0,5268,30265.739884018967,29928.856396825187,1,0.0
2025-03-17,29699.9,30295.0,29566.55,30176.25,5725,30249.468996015516,29952.41769236565,1,0.0
2025-03-18,30350.0,30377.0,29264.1,29731.7,14248,30155.32917855815,29931.396959759397,1,0.0
2025-03-19,30000.0,30541.35,29712.1,30348.9,12242,30190.523873365757,29971.159154068024,1,0.0
2025-03-20,30348.9,30739.85,30050.0,30179.35,7787,30188.492260026527,29990.986853680595,1,0.0
2025-03-21,30290.0,30499.0,30046.55,30292.1,7752,30207.330030930792,30019.664296187206,1,0.0
2025-03-24,30300.05,31183.75,30250.0,31072.3,9503,30364.59729803428,30119.915315597947,1,0.0
2025-03-25,31075.0,31370.0,30720.0,31101.85,7172,30498.643243846225,30213.43290458862,1,0.0
2025-03-26,31100.0,31250.0,30500.0,30591.5,8589,30515.526290419635,30249.4392946278,1,0.0
2025-03-27,30300.15,30810.0,30200.4,30569.15,10564,30525.276055797884,30279.887933234673,1,0.0
2025-03-28,30570.0,30800.0,30420.1,30720.55,5774,30560.780409289175,30321.855749117087,1,0.0
2025-04-01,30720.55,31107.55,30240.95,30318.0,6596,30516.638516691142,30321.48853491546,1,0.0
2025-04-02,30305.2,30318.0,29401.0,29540.9,8629,30339.23151365639,30247.14676968542,1,0.0
2025-04-03,29800.0,30398.0,29740.0,29909.3,10987,30261.062147537043,30214.97088685824,1,0.0
2025-04-04,29909.3,30090.55,28829.15,29077.4,9166,30045.85084798485,30106.63080239555,-1,-2.0
2025-04-07,27501.0,29400.05,27500.05,28965.7,14086,29849.459784714876,29997.970725976927,-1,0.0
2025-04-08,29498.9,29554.85,28900.1,29398.95,6460,29767.548914766718,29940.921133026746,-1,0.0
2025-04-09,29009.6,29600.05,28975.55,29108.05,5194,29647.640021172767,29861.600072738485,-1,0.0
2025-04-11,29499.0,29750.0,29311.9,29641.1,5580,29646.45092641408,29840.60006581101,-1,0.0
2025-04-15,29645.0,31195.0,29580.0,30950.0,11843,29883.459848884246,29946.257202400437,-1,0.0
2025-04-16,30950.0,31390.0,30435.0,30710.0,9589,30033.739876359836,30018.994611695634,1,2.0
2025-04-17,30755.0,30975.0,30580.0,30690.0,4806,30153.059898839863,30082.89988677224,1,0.0
2025-04-21,31000.0,31220.0,30600.0,30915.0,7917,30291.59446268716,30162.147516603454,1,0.0
2025-04-22,30915.0,31140.0,30640.0,31015.0,4188,30423.122742198582,30243.37156264122,1,0.0
2025-04-23,31150.0,31400.0,30370.0,30470.0,7426,30431.645879980657,30264.955223342058,1,0.0
2025-04-24,30680.0,30680.0,30010.0,30060.0,6809,30364.073901802352,30245.43567826186,1,0.0
2025-04-25,30060.0,30295.0,29430.0,29705.0,5704,30244.24228329283,30193.965613665492,1,0.0
2025-04-28,29450.0,29945.0,29450.0,29780.0,4970,30159.834595421406,30154.540317125924,1,0.0
2025-04-29,29810.0,30145.0,29565.0,30100.0,5450,30148.955578072055,30149.34600120917,-1,-2.0
2025-04-30,30000.0,30100.0,29700.0,29985.0,3754,30119.14547296804,30133.694001094012,-1,0.0
2025-05-02,29990.0,30845.0,29755.0,30725.0,6682,30229.300841519304,30190.008858132678,1,2.0
2025-05-05,30725.0,30985.0,30455.0,30725.0,8416,30319.427961243066,30240.960395453378,1,0.0
2025-05-06,30695.0,30695.0,30015.0,30160.0,10889,30290.44105919887,30233.249881600677,1,0.0
2025-05-07,30105.0,30585.0,29630.0,30345.0,10766,30300.360866617255,30243.892750019662,1,0.0
2025-05-08,30050.0,30525.0,29855.0,30005.0,12370,30246.65889086866,30221.1410595416,1,0.0
2025-05-09,29800.0,30300.0,29555.0,30165.0,3367,30231.81181980163,30215.794291966205,1,0.0
2025-05-12,30300.0,30595.0,30010.0,30065.0,5054,30201.482398019514,30201.432930826566,1,0.0
2025-05-13,30000.0,30500.0,30000.0,30390.0,6003,30235.75832565233,30219.391699319272,1,0.0
2025-05-14,30390.0,30645.0,30250.0,30325.0,4970,30251.98408462463,30229.449632717435,1,0.0
2025-05-15,30495.0,30555.0,30225.0,30330.0,6204,30266.16879651106,30239.025858172918,1,0.0
2025-05-16,31000.0,31500.0,30465.0,30560.0,32062,30319.592651690866,30269.594824061212,1,0.0
2025-05-19,30800.0,30860.0,30555.0,30685.0,6073,30386.030351383433,30309.157221769667,1,0.0
2025-05-20,30805.0,30960.0,30610.0,30845.0,26271,30469.479378404627,30360.18986731541,1,0.0
2025-05-21,30845.0,31590.0,30745.0,31435.0,22684,30645.028582331055,30462.552737094895,1,0.0
2025-05-22,31400.0,31420.0,30750.0,31145.0,7710,30735.93247645268,30527.54771451443,1,0.0
2025-05-23,31200.0,31245.0,30750.0,30795.0,4657,30746.672026188553,30553.01936075115,1,0.0
2025-05-26,30990.0,31100.0,29940.0,30220.0,8605,30650.91347597245,30521.3032311558,1,0.0
2025-05-27,30450.0,30500.0,30205.0,30415.0,3586,30608.02011670473,30511.17911390287,1,0.0
2025-05-28,30490.0,30500.0,30000.0,30120.0,4788,30519.289186394777,30473.923960197833,1,0.0
2025-05-29,30120.0,30450.0,30050.0,30350.0,3531,30488.509334322996,30462.12167827423,1,0.0
2025-05-30,30350.0,30620.0,30130.0,30455.0,3530,30482.41672808245,30461.443423200493,1,0.0
2025-06-02,30455.0,30840.0,30110.0,30605.0,9476,30504.704595703824,30475.11547813378,1,0.0
2025-06-03,30750.0,31390.0,30500.0,31135.0,11464,30619.30376012131,30537.96162307342,1,0.0
2025-06-04,31395.0,31620.0,31045.0,31295.0,13335,30742.157621917435,30610.06051611405,1,0.0
2025-06-05,31400.0,31900.0,31290.0,31695.0,25789,30915.401690659717,30713.388086007948,1,0.0
2025-06-06,31850.0,32200.0,30950.0,31630.0,16700,31045.32865599431,30800.684458769094,1,0.0
2025-06-09,31750.0,31985.0,31490.0,31810.0,4819,31184.35980944989,30896.80974841013,1,0.0
2025-06-10,32000.0,32100.0,31550.0,31645.0,3041,31268.11257136809,30968.06596284726,1,0.0
2025-06-11,31645.0,31795.0,31540.0,31635.0,2838,31334.81937657389,31031.58349019514,1,0.0
2025-06-12,31640.0,31850.0,31400.0,31575.0,9056,31378.488580833182,31083.33744350989,1,0.0
2025-06-13,31400.0,31625.0,31100.0,31515.0,5791,31403.30883886351,31124.448163175613,1,0.0
2025-06-16,31510.0,31875.0,31415.0,31675.0,3428,31452.707231797416,31176.881671444604,1,0.0
2025-06-17,31675.0,31845.0,31325.0,31800.0,14707,31515.851371470613,31236.226274164164,1,0.0
2025-06-18,31800.0,32000.0,31500.0,31565.0,3647,31524.787485748682,31267.5380575771,1,0.0
2025-06-19,31895.0,32085.0,30800.0,31030.0,8828,31434.826124703468,31244.915385426903,1,0.0
2025-06-20,31100.0,31745.0,30610.0,31620.0,9994,31468.49410203011,31280.637729671962,1,0.0
2025-06-23,31265.0,31455.0,30880.0,31050.0,6678,31392.40426529736,31258.67223160797,1,0.0
2025-06-24,31370.0,31800.0,31100.0,31535.0,9207,31418.33076251602,31284.98916193102,1,0.0
2025-06-25,31560.0,31795.0,31365.0,31680.0,5191,31465.906987513106,31322.609241747108,1,0.0
2025-06-26,31680.0,33255.0,31605.0,33055.0,30735,31754.83298978345,31487.59883777119,1,0.0
2025-06-27,33060.0,37000.0,32955.0,34940.0,53061,32333.954264368273,31816.398948459646,1,0.0
2025-06-30,34945.0,35790.0,34140.0,35670.0,25043,32940.50803448313,32183.408572415872,1,0.0
2025-07-01,35675.0,35800.0,34455.0,34665.0,15146,33254.05202821347,32419.75061313817,1,0.0
2025-07-02,34845.0,35590.0,34310.0,35460.0,13570,33655.1334776292,32709.298173791678,1,0.0
2025-07-03,35465.0,35955.0,35100.0,35420.0,13655,33976.01829987843,32967.46025247819,1,0.0
2025-07-04,35420.0,35675.0,34660.0,34735.0,9978,34114.0149726278,33135.79737128979,1,0.0
2025-07-07,34895.0,35010.0,34300.0,34485.0,6130,34181.466795786386,33264.29285973838,1,0.0
2025-07-08,34695.0,34985.0,33780.0,34160.0,7819,34177.56374200704,33349.59830166806,1,0.0
2025-07-09,34250.0,34600.0,34000.0,34390.0,10341,34216.188516187576,33448.68417769967,1,0.0
2025-07-10,34500.0,34845.0,34125.0,34555.0,4398,34277.79060415347,33554.04758934732,1,0.0
2025-07-11,34545.0,34735.0,34310.0,34420.0,3025,34303.64685794375,33636.519247504715,1,0.0
2025-07-14,34330.0,34500.0,34190.0,34295.0,2513,34302.07470195398,33699.23170012331,1,0.0
2025-07-15,34340.0,34595.0,34100.0,34275.0,4705,34297.15202887143,33754.06677630205,1,0.0
2025-07-16,34290.0,34535.0,34005.0,34280.0,3902,34294.033478167534,33804.15565474947,1,0.0
2025-07-17,34300.0,34440.0,34085.0,34165.0,4667,34270.57284577344,33838.52178286857,1,0.0
2025-07-18,34250.0,34390.0,33910.0,34125.0,4287,34244.10505563281,33865.805422595375,1,0.0
2025-07-21,34250.0,34350.0,33940.0,34085.0,2808,34215.17686369957,33886.68109663391,1,0.0
2025-07-22,34250.0,34320.0,34060.0,34130.0,4044,34199.69016120874,33909.85432552592,1,0.0
2025-07-23,34150.0,34950.0,34035.0,34735.0,7134,34297.01922280715,33988.43962785679,1,0.0
2025-07-24,34900.0,35290.0,34420.0,34580.0,6926,34348.47027320584,34044.77871091805,1,0.0
2025-07-25,34175.0,34290.0,33545.0,33780.0,5504,34245.112041713866,34019.56169083062,1,0.0
2025-07-28,33785.0,33870.0,32565.0,32895.0,6363,33999.637125038615,33912.46057741818,1,0.0
2025-07-29,32960.0,34750.0,32865.0,34710.0,14011,34128.79401139523,33988.41671290216,1,0.0
2025-07-30,34600.0,35310.0,34215.0,35195.0,8866,34322.649645687,34103.32940691148,1,0.0
2025-07-31,34600.0,35100.0,34315.0,34405.0,6195,34337.62243738027,34132.05993958657,1,0.0
2025-08-01,34550.0,34815.0,33205.0,33595.0,7114,34202.6001760384,34080.91137391166,1,0.0
2025-08-04,33595.0,34220.0,33235.0,33995.0,5526,34164.85468948596,34072.729338301026,1,0.0
2025-08-05,33855.0,34100.0,33200.0,33255.0,7996,33999.42656412488,33994.85035370093,1,0.0
2025-08-06,33320.0,33500.0,32415.0,32605.0,8725,33745.894461556716,33862.48365334846,-1,-2.0
2025-08-07,32250.0,32900.0,32250.0,32720.0,4237,33559.36819581913,33753.6756863629,-1,0.0
2025-08-08,32720.0,32990.0,32600.0,32845.0,3019,33429.48306930656,33667.135144804524,-1,0.0
2025-08-11,32870.0,33070.0,32645.0,32980.0,3041,33347.758874887186,33601.693702442186,-1,0.0
2025-08-12,33270.0,33800.0,31910.0,32560.0,12077,33204.52998854406,33502.484778400074,-1,0.0
2025-08-13,32745.0,34060.0,32320.0,32940.0,18236,33156.4336269906,33448.914799504826,-1,0.0
2025-08-14,33215.0,33480.0,32615.0,33265.0,6346,33176.17296753776,33431.39910431389,-1,0.0
2025-08-18,33495.0,33495.0,32530.0,32590.0,7265,33069.596064349076,33351.26585628399,-1,0.0
2025-08-19,32840.0,33145.0,32605.0,33065.0,4813,33068.76041628561,33324.0024413998,-1,0.0
2025-08-20,33185.0,33185.0,32405.0,32595.0,9480,32982.62215877913,33254.57363745697,-1,0.0
2025-08-21,32895.0,32900.0,32525.0,32635.0,3647,32919.41812991019,33195.56662436583,-1,0.0
2025-08-22,32745.0,32775.0,31750.0,31875.0,6997,32729.52392447197,33069.798374426224,-1,0.0
2025-08-25,32145.0,32145.0,31470.0,31520.0,6091,32509.610483658886,32922.19852924277,-1,0.0
2025-08-26,31615.0,32050.0,31175.0,31885.0,10802,32396.04494117545,32823.41771693394,-1,0.0
2025-08-28,32000.0,32025.0,31355.0,31475.0,8264,32228.582224598093,32694.996981987846,-1,0.0
2025-08-29,31660.0,31945.0,31315.0,31480.0,4571,32092.476365580256,32579.282983703288,-1,0.0
2025-09-01,31650.0,32315.0,31500.0,32130.0,6106,32099.29884456566,32536.4941281125,-1,0.0
2025-09-02,32300.0,32700.0,32025.0,32495.0,6945,32171.24450919008,32532.5423063875,-1,0.0
2025-09-03,32495.0,32775.0,32155.0,32575.0,5036,32244.654598428246,32536.585896255354,-1,0.0
2025-09-04,32565.0,32755.0,32000.0,32175.0,4023,32231.990125986744,32502.149144231033,-1,0.0
2025-09-05,32385.0,32385.0,31030.0,31150.0,19273,32035.26464853461,32373.37303525665,-1,0.0
2025-09-08,31415.0,31645.0,30900.0,30965.0,10998,31840.67107607377,32239.24226999411,-1,0.0
2025-09-09,31000.0,31170.0,30540.0,30630.0,6471,31620.54906224217,32085.98110142324,-1,0.0
2025-09-10,30825.0,31400.0,30555.0,31255.0,20209,31554.085596379955,32006.84004414484,-1,0.0
2025-09-11,31385.0,31495.0,30875.0,30975.0,13521,31448.797306129054,31908.569563750094,-1,0.0
2025-09-12,31100.0,31230.0,30815.0,30980.0,6485,31363.561432287406,31820.134367202467,-1,0.0
2025-09-15,30900.0,31400.0,30810.0,30910.0,5878,31281.095717326058,31733.454903659374,-1,0.0
2025-09-16,31280.0,31280.0,30710.0,30930.0,9676,31217.260132357682,31656.935389025148,-1,0.0
2025-09-17,31160.0,31220.0,30815.0,30970.0,12984,31172.303744656285,31591.512971022752,-1,0.0
2025-09-18,31095.0,31355.0,30840.0,30890.0,8509,31120.975791082412,31524.70221187773,-1,0.0
2025-09-19,31000.0,31055.0,30130.0,30365.0,12743,30983.525647249244,31414.25438217509,-1,0.0
2025-09-22,30410.0,30670.0,30150.0,30195.0,14233,30840.15734774938,31298.134917206036,-1,0.0
2025-09-23,30340.0,30440.0,30100.0,30225.0,5182,30728.31055724949,31195.931591757842,-1,0.0
2025-09-24,30380.0,30465.0,30090.0,30195.0,5501,30631.345001385944,31100.60477349519,-1,0.0
2025-09-25,30195.0,30505.0,30025.0,30195.0,10296,30552.0095465885,31014.356699828983,-1,0.0
2025-09-26,30195.0,30280.0,29150.0,29740.0,19046,30404.37144720877,30892.989395083365,-1,0.0
2025-09-29,29740.0,30000.0,29520.0,29665.0,7034,30269.940274988992,30776.038024123045,-1,0.0
2025-09-30,29700.0,29825.0,29060.0,29290.0,9712,30091.769315900085,30634.510593254185,-1,0.0
2025-10-01,29500.0,30080.0,29400.0,29890.0,6603,30055.083985736434,30563.604822468074,-1,0.0
2025-10-03,30080.0,30400.0,29830.0,29965.0,11200,30038.705079238898,30506.594839375877,-1,0.0
2025-10-06,30125.0,30560.0,29900.0,30020.0,5596,30035.304155740916,30460.25247372103,-1,0.0
2025-10-07,30045.0,30190.0,29740.0,29825.0,3935,29997.06703651529,30399.752238128553,-1,0.0
2025-10-08,29875.0,30255.0,29735.0,29925.0,4745,29983.963938967056,30354.537739259165,-1,0.0
2025-10-09,29925.0,30090.0,29610.0,29690.0,4723,29930.51595006395,30291.248430758293,-1,0.0
2025-10-10,29735.0,30285.0,29575.0,30130.0,5450,29966.78577732505,30275.89143735274,-1,0.0
2025-10-13,30130.0,30130.0,29890.0,29995.0,4735,29971.91563599322,30249.139871890577,-1,0.0
2025-10-14,30145.0,30250.0,29805.0,30095.0,5863,29994.294611267178,30234.459884091477,-1,0.0
2025-10-15,30095.0,30195.0,29700.0,29830.0,5191,29964.42286376405,30195.939895130385,-1,0.0
2025-10-16,29850.0,29950.0,29670.0,29835.0,7864,29940.89143398877,30161.56466702273,-1,0.0
2025-10-17,29995.0,29995.0,29665.0,29805.0,2856,29916.183900536264,30127.606127306277,-1,0.0
2025-10-20,29970.0,30250.0,29600.0,29930.0,4662,29918.69591862058,30108.78649613425,-1,0.0
2025-10-21,29990.0,30330.0,29875.0,30255.0,1347,29979.842115235017,30122.711591740514,-1,0.0
2025-10-23,30300.0,30320.0,29870.0,30115.0,5189,30004.41627610138,30121.977154431894,-1,0.0
2025-10-24,30230.0,30230.0,29805.0,29930.0,3338,29990.886044082945,30103.69361591457,-1,0.0
2025-10-27,29935.0,29935.0,29655.0,29770.0,8027,29950.72494515877,30071.913271541755,-1,0.0
2025-10-28,29775.0,30000.0,29700.0,29770.0,4208,29917.86586422081,30043.159626633016,-1,0.0
2025-10-29,29790.0,29905.0,29610.0,29705.0,3975,29879.162979817025,30010.953947906062,-1,0.0
2025-10-30,29870.0,29870.0,29525.0,29600.0,5536,29828.406074395745,29971.81547667691,-1,0.0
2025-10-31,29620.0,29725.0,28900.0,28995.0,11671,29676.877697232878,29878.78543127911,-1,0.0
2025-11-03,29000.0,29190.0,28785.0,29035.0,9064,29560.17266137235,29798.42491401443,-1,0.0
2025-11-04,29145.0,29610.0,29080.0,29360.0,7561,29523.777632031924,29756.67016029877,-1,0.0
2025-11-06,29400.0,30490.0,29260.0,29455.0,55284,29511.27260802612,29727.939668841744,-1,0.0
2025-11-07,29525.0,29665.0,28720.0,28785.0,9721,29379.22304293046,29638.135890856818,-1,0.0
2025-11-10,28990.0,29555.0,28725.0,29505.0,7726,29402.09158057947,29625.456282203788,-1,0.0
2025-11-11,29450.0,29725.0,29310.0,29550.0,4816,29428.98402047411,29618.26996961295,-1,0.0
2025-11-12,29685.0,29685.0,29210.0,29570.0,4843,29454.623289478815,29613.67282964981,-1,0.0
2025-11-13,29595.0,29655.0,29285.0,29570.0,4429,29475.600873209936,29609.513512540307,-1,0.0
2025-11-14,29600.0,29640.0,28600.0,29340.0,9495,29450.946168989947,29583.84555896504,-1,0.0
2025-11-17,29340.0,29650.0,29180.0,29560.0,8689,29470.774138264504,29581.57455334932,-1,0.0
2025-11-18,29700.0,29760.0,29470.0,29665.0,5517,29506.08793130732,29589.51983398272,-1,0.0
2025-11-19,29900.0,29900.0,29445.0,29530.0,10018,29510.43558016053,29583.851278365313,-1,0.0
2025-11-20,29795.0,29795.0,29340.0,29585.0,5192,29523.992747404067,29583.960680425756,-1,0.0
2025-11-21,29585.0,29740.0,29215.0,29575.0,4817,29533.2667933306,29583.107282289973,-1,0.0
2025-11-24,29595.0,29795.0,29380.0,29675.0,5493,29559.03646727049,29591.85896969093,-1,0.0
2025-11-25,29650.0,30655.0,29370.0,30205.0,7914,29676.484382312214,29650.25335352989,1,2.0
2025-11-26,30250.0,30250.0,29950.0,30025.0,3918,29739.850858255446,29685.94351033657,1,0.0
2025-11-27,30300.0,30300.0,29390.0,29440.0,8428,29685.332520390817,29662.52031887594,1,0.0
2025-11-28,29440.0,30305.0,29250.0,30075.0,7939,29756.18115304703,29701.804098030614,1,0.0
2025-12-01,30200.0,30200.0,29620.0,29810.0,8983,29765.966397947566,29712.108469646744,1,0.0
2025-12-02,29820.0,30000.0,29130.0,29240.0,8701,29670.33614377528,29667.145758251816,1,0.0
2025-12-03,29300.0,29720.0,28820.0,28890.0,11743,29528.456844907043,29593.131876513547,-1,-2.0
2025-12-04,28890.0,29190.0,28770.0,28850.0,6556,29405.101054923944,29522.357412083686,-1,0.0
2025-12-05,28850.0,29140.0,28660.0,28945.0,8644,29321.446317665042,29467.37099188524,-1,0.0
2025-12-08,28850.0,28880.0,28410.0,28725.0,12314,29213.001532635033,29396.668992658077,-1,0.0
2025-12-09,28700.0,28700.0,28020.0,28075.0,12732,29006.092163065026,29270.79575526207,-1,0.0
2025-12-10,28080.0,28245.0,27770.0,27985.0,11892,28820.439042507744,29148.339016665683,-1,0.0
2025-12-11,27810.0,28250.0,27810.0,28205.0,3130,28708.54103477906,29058.497205554668,-1,0.0
2025-12-12,28210.0,28210.0,27950.0,28010.0,5059,28581.53357391014,28958.640328835176,-1,0.0
2025-12-15,28100.0,28100.0,27815.0,27885.0,4142,28454.891105926476,28856.388868946113,-1,0.0
2025-12-16,28010.0,28010.0,27770.0,27805.0,2415,28336.729086667117,28756.25659571315,-1,0.0
2025-12-17,27950.0,27960.0,27540.0,27630.0,2848,28208.232889091276,28648.994062788086,-1,0.0
2025-12-18,27640.0,28040.0,27430.0,27980.0,3873,28166.736000165587,28585.280342522554,-1,0.0
2025-12-19,27995.0,28200.0,27870.0,28035.0,3745,28142.784000135478,28532.87269085374,-1,0.0
2025-12-22,28055.0,28195.0,27775.0,28010.0,4844,28118.6414546563,28483.07529172481,-1,0.0
2025-12-23,28200.0,28600.0,27885.0,28295.0,6431,28150.70664471879,28465.16335917959,-1,0.0
2025-12-24,28200.0,28805.0,27950.0,28515.0,22010,28216.941800224464,28469.909705924394,-1,0.0
2025-12-26,28515.0,28990.0,28425.0,28905.0,3858,28342.04329109274,28511.346876788735,-1,0.0
2025-12-29,28950.0,28975.0,28290.0,28905.0,20873,28444.399056348608,28548.8376504279,-1,0.0
2025-12-30,29045.0,29045.0,28225.0,28680.0,21561,28487.23559155795,28561.329302768103,-1,0.0
2025-12-31,28820.0,29250.0,28600.0,29025.0,5558,28585.010938547413,28605.488416790187,-1,0.0
2026-01-01,28860.0,28990.0,28405.0,28485.0,3948,28566.82713153879,28594.013329476835,-1,0.0
2026-01-02,28485.0,28490.0,27955.0,28125.0,10295,28486.49492580446,28549.34539333618,-1,0.0
2026-01-05,28250.0,28250.0,28030.0,28155.0,3129,28426.22312111274,28511.788689208926,-1,0.0
2026-01-06,28155.0,28515.0,28100.0,28440.0,8996,28428.72800818315,28504.95167118903,-1,0.0
2026-01-07,28600.0,28600.0,28140.0,28485.0,5385,28438.959279422572,28503.051512028167,-1,0.0
2026-01-08,28445.0,28525.0,28155.0,28340.0,2884,28420.96668316392,28487.522796596913,-1,0.0
2026-01-09,28200.0,28395.0,27785.0,28095.0,11568,28361.70001349775,28450.139673111495,-1,0.0
2026-01-12,28010.0,28515.0,27770.0,28380.0,5889,28365.027283770884,28443.45970424373,-1,0.0
2026-01-13,28420.0,28525.0,28000.0,28090.0,3869,28315.022323085268,28409.796875268137,-1,0.0
2026-01-14,28105.0,28350.0,27850.0,27880.0,4218,28235.92735525158,28359.340030004507,-1,0.0
2026-01-16,27880.0,28130.0,27650.0,27755.0,3983,28148.486017933108,28301.783836670744,-1,0.0
2026-01-19,27725.0,28020.0,27600.0,27750.0,3254,28076.034014672543,28249.232995083054,-1,0.0
2026-01-20,27750.0,27750.0,27140.0,27210.0,4656,27918.57328473208,28150.258424122763,-1,0.0
2026-01-21,27260.0,27695.0,26930.0,27575.0,3881,27856.10541478079,28095.471907539642,-1,0.0
2026-01-22,27800.0,27880.0,27540.0,27725.0,2237,27832.26806663883,28060.188868726345,-1,0.0
2026-01-23,27850.0,28100.0,27555.0,27780.0,3524,27822.764781795406,28033.504214561934,-1,0.0
2026-01-27,27915.0,27915.0,27230.0,27685.0,4631,27797.716639650786,28000.313336984607,-1,0.0
2026-01-28,27895.0,27895.0,27515.0,27610.0,3515,27763.58634153246,27963.14063822417,-1,0.0
2026-01-29,27575.0,27575.0,26580.0,26635.0,14774,27558.388824890193,27836.651053631394,-1,0.0
2026-01-30,26610.0,27995.0,26430.0,27565.0,17026,27559.59085672834,27810.77952471412,-1,0.0
2026-02-01,27690.0,27690.0,27060.0,27245.0,1799,27502.39251914137,27756.89576045563,-1,0.0
2026-02-02,27470.0,27495.0,26940.0,27325.0,6255,27470.139333842933,27715.76283088843,-1,0.0
2026-02-03,27885.0,27910.0,26800.0,26880.0,10469,27362.84127314422,27636.166370803818,-1,0.0
2026-02-04,27000.0,27280.0,26815.0,27100.0,7911,27315.05195075436,27585.102906917742,-1,0.0
2026-02-05,27200.0,27300.0,26865.0,27215.0,3371,27296.860686980843,27549.855011020816,-1,0.0
2026-02-06,27200.0,27415.0,26915.0,27365.0,4095,27309.249652984327,27532.249771875977,-1,0.0
2026-02-09,27450.0,27700.0,27305.0,27480.0,10042,27340.295170623536,27527.273603125883,-1,0.0
2026-02-10,27700.0,27700.0,27235.0,27295.0,10501,27332.059685055618,27505.152307590084,-1,0.0
2026-02-11,27495.0,27495.0,26820.0,26915.0,9404,27256.23065140914,27448.947325914836,-1,0.0
2026-02-12,27135.0,27135.0,26550.0,26660.0,14882,27147.82507842566,27373.809485351518,-1,0.0
2026-02-13,26680.0,26685.0,26300.0,26460.0,6553,27022.765973257356,27286.780010556136,-1,0.0
2026-02-16,26495.0,26665.0,26240.0,26290.0,4779,26889.535796301472,27191.84858097936,-1,0.0
2026-02-17,26470.0,26700.0,26210.0,26620.0,8453,26840.529287883022,27137.386811362278,-1,0.0
2026-02-18,26740.0,26850.0,26435.0,26460.0,7659,26771.342144631562,27072.873781708728,-1,0.0
2026-02-19,26530.0,26545.0,26335.0,26395.0,4981,26702.916300153094,27008.314373926944,-1,0.0
2026-02-20,26495.0,26780.0,26250.0,26295.0,7695,26628.74970012526,26940.37967164819,-1,0.0
2026-02-23,26415.0,26515.0,26240.0,26470.0,4509,26599.8861182843,26895.581607681695,-1,0.0
2026-02-24,26400.0,26520.0,26215.0,26365.0,1960,26557.179551323516,26845.050025997727,-1,0.0
2026-02-25,26485.0,26500.0,26100.0,26410.0,5546,26530.41963290106,26803.61669018842,-1,0.0
2026-02-26,26540.0,26540.0,26265.0,26355.0,1908,26498.525154191775,26760.891291122858,-1,0.0
2026-02-27,26410.0,26595.0,26075.0,26530.0,7169,26504.24785342963,26738.901644349255,-1,0.0
2026-03-02,26025.0,26900.0,26000.0,26805.0,12530,26558.93006189697,26745.1967258398,-1,0.0
2026-03-04,26805.0,27930.0,26505.0,27825.0,25338,26789.124596097517,26848.035132902678,-1,0.0
2026-03-05,27905.0,28490.0,27520.0,27615.0,18832,26939.283760443424,26921.079405959565,1,2.0
2026-03-06,27615.0,27630.0,27160.0,27325.0,6061,27009.413985817344,26959.548033963416,1,0.0
2026-03-09,27000.0,27300.0,26735.0,27185.0,6395,27041.338715668735,26981.019649776423,1,0.0
2026-03-10,27300.0,27365.0,26705.0,26810.0,9965,26999.27713100169,26964.73206408343,1,0.0
2026-03-11,27000.0,27325.0,26650.0,27200.0,9145,27035.772198092294,26987.13853417072,1,0.0
2026-03-12,27000.0,27000.0,26530.0,26685.0,6590,26971.995434802782,26958.36343567827,1,0.0
2026-03-13,26430.0,27260.0,26290.0,26960.0,7310,26969.81444665682,26958.519298947005,1,0.0
2026-03-16,27045.0,27090.0,26605.0,26670.0,9442,26915.30272908285,26931.041270475864,-1,-2.0
2026-03-17,26890.0,26890.0,26290.0,26450.0,5175,26830.702232885968,26885.22781614483,-1,0.0
2026-03-18,26500.0,26700.0,26275.0,26375.0,8384,26747.847281452152,26836.634690797706,-1,0.0
2026-03-19,26310.0,27095.0,26000.0,26515.0,9265,26705.511412097214,26806.00281548364,-1,0.0
2026-03-20,26515.0,26790.0,26400.0,26715.0,5188,26707.236609897718,26797.335880675673,-1,0.0
2026-03-23,26570.0,26570.0,25420.0,25485.0,15029,26485.011771734495,26672.351511087516,-1,0.0
2026-03-24,25690.0,27000.0,25350.0,26800.0,14823,26542.282358691857,26684.508510031563,-1,0.0
2026-03-25,26860.0,27100.0,26290.0,26405.0,9078,26517.321929838792,26657.888651933317,-1,0.0
2026-03-27,26455.0,26555.0,25865.0,26135.0,9729,26447.808851686284,26608.089732701574,-1,0.0
2026-03-30,26055.0,26200.0,25720.0,25915.0,23537,26350.93451501605,26542.081186729993,-1,0.0
2026-04-01,26415.0,26550.0,25990.0,26490.0,6360,26376.219148649496,26537.121073708087,-1,0.0
2026-04-02,26480.0,26550.0,25990.0,26285.0,4065,26359.63384889504,26513.109542878745,-1,0.0
2026-04-06,26285.0,26440.0,25865.0,25895.0,8267,26275.154967277755,26454.241967366484,-1,0.0
2026-04-07,26000.0,26060.0,25600.0,25665.0,5275,26164.21770049998,26379.076065712532,-1,0.0
2026-04-08,26095.0,26235.0,25795.0,25850.0,9402,26107.087209499983,26328.687868978006,-1,0.0
2026-04-09,26100.0,26100.0,25720.0,25780.0,10072,26047.616807772712,26276.43188145629,-1,0.0
2026-04-10,25965.0,25970.0,25620.0,25780.0,9771,25998.95920635949,26229.15265465093,-1,0.0
2026-04-13,25560.0,25895.0,25310.0,25725.0,6904,25949.148441566853,26181.138116112747,-1,0.0
2026-04-15,25895.0,26095.0,25755.0,25975.0,15735,25953.84872491833,26161.5059145782,-1,0.0
2026-04-16,26100.0,26150.0,25750.0,25860.0,6973,25936.785320387724,26132.79106557075,-1,0.0
2026-04-17,25990.0,25990.0,25550.0,25785.0,15053,25909.187989408136,26099.668106944966,-1,0.0
2026-04-20,25890.0,25890.0,25500.0,25550.0,14619,25843.881082243017,26047.318763426396,-1,0.0
2026-04-21,25610.0,25690.0,25340.0,25385.0,12807,25760.44815819883,25984.240785957212,-1,0.0
2026-04-22,25400.0,25760.0,25380.0,25420.0,42549,25698.548493071765,25930.503568247,-1,0.0
2026-04-23,25440.0,25675.0,25350.0,25410.0,10085,25646.08513069508,25880.931799842525,-1,0.0
2026-04-24,25390.0,25510.0,25150.0,25180.0,7767,25561.34237965961,25814.176390333712,-1,0.0
2026-04-27,25320.0,25560.0,25180.0,25425.0,50411,25536.552856085134,25777.111972206694,-1,0.0
2026-04-28,25425.0,25600.0,25200.0,25345.0,8029,25501.72506406965,25735.958451044153,-1,0.0
2026-04-29,25570.0,25770.0,25405.0,25475.0,7212,25496.865961511532,25711.105265230424,-1,0.0
2026-04-30,25395.0,25485.0,25250.0,25435.0,4669,25485.61760487307,25684.809525684672,-1,0.0
2026-05-04,25480.0,25835.0,25365.0,25415.0,13700,25472.778040350695,25659.113380381372,-1,0.0
2026-05-05,25420.0,25575.0,25175.0,25305.0,9490,25442.27294210511,25625.388296535526,-1,0.0
2026-05-06,25440.0,26450.0,25430.0,26300.0,17912,25598.223316267817,25689.63703019881,-1,0.0
2026-05-07,26550.0,27100.0,26430.0,26700.0,27578,25798.546349673667,25785.86207494178,1,2.0
2026-05-08,26840.0,26880.0,26550.0,26700.0,11131,25962.447013369365,25872.922829709227,1,0.0
